<Nodes>

	<Node id="22:0" type="1" name="print_results" startsAtLine = "22:6" endsAtLine = "22:65">
		<childrenNodes>22:1,22:2,22:5,22:6,22:7,22:8,22:9,22:12,22:13,22:15,22:16,22:21,22:23,22:34,22:36,22:38</childrenNodes>
		<funcArguments>
			<arg type="i8*">name</arg>
			<arg type="i8">class</arg>
			<arg type="i32">n1</arg>
			<arg type="i32">n2</arg>
			<arg type="i32">n3</arg>
			<arg type="i32">niter</arg>
			<arg type="double">t</arg>
			<arg type="double">mops</arg>
			<arg type="i8*">optype</arg>
			<arg type="i32">verified</arg>
			<arg type="i8*">npbversion</arg>
			<arg type="i8*">compiletime</arg>
			<arg type="i8*">cs1</arg>
			<arg type="i8*">cs2</arg>
			<arg type="i8*">cs3</arg>
			<arg type="i8*">cs4</arg>
			<arg type="i8*">cs5</arg>
			<arg type="i8*">cs6</arg>
			<arg type="i8*">cs7</arg>
		</funcArguments>
	</Node>

	<Node id="22:1" type="0" name="" startsAtLine = "22:6" endsAtLine = "22:12">
		<childrenNodes></childrenNodes>
		<BasicBlockID>entry</BasicBlockID>
		<readDataSize>64</readDataSize>
		<writeDataSize>1216</writeDataSize>
		<instructionLines count="6">22:6,22:7,22:8,22:9,22:11,22:12</instructionLines>
		<readPhaseLines count="0"></readPhaseLines>
		<writePhaseLines count="0"></writePhaseLines>
		<successors>
			<CU>22:2</CU>
		</successors>
		<localVariables>
		</localVariables>
		<globalVariables>
		</globalVariables>
		<callsNode>
		</callsNode>
	</Node>

	<Node id="22:2" type="0" name="" startsAtLine = "22:14" endsAtLine = "22:22">
		<childrenNodes>22:3,22:4</childrenNodes>
		<BasicBlockID>entry</BasicBlockID>
		<readDataSize>40</readDataSize>
		<writeDataSize>0</writeDataSize>
		<instructionLines count="3">22:14,22:15,22:22</instructionLines>
		<readPhaseLines count="2">22:14,22:22</readPhaseLines>
		<writePhaseLines count="0"></writePhaseLines>
		<successors>
			<CU>22:5</CU>
			<CU>22:38</CU>
		</successors>
		<localVariables>
			<local type="i8*">class.addr</local>
		</localVariables>
		<globalVariables>
			<global type="i32*">n2.addr</global>
			<global type="i8**">name.addr</global>
		</globalVariables>
		<callsNode>
			<nodeCalled atLine="22:14">22:3</nodeCalled>
			<nodeCalled atLine="22:15">22:4</nodeCalled>
		</callsNode>
	</Node>

	<Node id="22:3" type="3" name="printf" startsAtLine = "262143:16383" endsAtLine = "262143:16383">
		<childrenNodes></childrenNodes>
		<funcArguments>
			<arg type="i8*"></arg>
		</funcArguments>
	</Node>

	<Node id="22:4" type="3" name="printf" startsAtLine = "262143:16383" endsAtLine = "262143:16383">
		<childrenNodes></childrenNodes>
		<funcArguments>
			<arg type="i8*"></arg>
		</funcArguments>
	</Node>

	<Node id="22:5" type="0" name="" startsAtLine = "22:22" endsAtLine = "22:22">
		<childrenNodes></childrenNodes>
		<BasicBlockID>land.lhs.true</BasicBlockID>
		<readDataSize>32</readDataSize>
		<writeDataSize>0</writeDataSize>
		<instructionLines count="1">22:22</instructionLines>
		<readPhaseLines count="1">22:22</readPhaseLines>
		<writePhaseLines count="0"></writePhaseLines>
		<successors>
			<CU>22:6</CU>
			<CU>22:38</CU>
		</successors>
		<localVariables>
		</localVariables>
		<globalVariables>
			<global type="i32*">n3.addr</global>
		</globalVariables>
		<callsNode>
		</callsNode>
	</Node>

	<Node id="22:6" type="0" name="" startsAtLine = "22:23" endsAtLine = "22:23">
		<childrenNodes></childrenNodes>
		<BasicBlockID>if.then</BasicBlockID>
		<readDataSize>72</readDataSize>
		<writeDataSize>0</writeDataSize>
		<instructionLines count="1">22:23</instructionLines>
		<readPhaseLines count="1">22:23</readPhaseLines>
		<writePhaseLines count="0"></writePhaseLines>
		<successors>
			<CU>22:7</CU>
			<CU>22:36</CU>
		</successors>
		<localVariables>
		</localVariables>
		<globalVariables>
			<global type="i8**">name.addr</global>
		</globalVariables>
		<callsNode>
		</callsNode>
	</Node>

	<Node id="22:7" type="0" name="" startsAtLine = "22:23" endsAtLine = "22:23">
		<childrenNodes></childrenNodes>
		<BasicBlockID>land.lhs.true8</BasicBlockID>
		<readDataSize>72</readDataSize>
		<writeDataSize>0</writeDataSize>
		<instructionLines count="1">22:23</instructionLines>
		<readPhaseLines count="1">22:23</readPhaseLines>
		<writePhaseLines count="0"></writePhaseLines>
		<successors>
			<CU>22:8</CU>
			<CU>22:36</CU>
		</successors>
		<localVariables>
		</localVariables>
		<globalVariables>
			<global type="i8**">name.addr</global>
		</globalVariables>
		<callsNode>
		</callsNode>
	</Node>

	<Node id="22:8" type="0" name="" startsAtLine = "22:24" endsAtLine = "22:25">
		<childrenNodes>22:10,22:11</childrenNodes>
		<BasicBlockID>if.then13</BasicBlockID>
		<readDataSize>64</readDataSize>
		<writeDataSize>64</writeDataSize>
		<instructionLines count="2">22:24,22:25</instructionLines>
		<readPhaseLines count="1">22:24</readPhaseLines>
		<writePhaseLines count="1">22:25</writePhaseLines>
		<successors>
			<CU>22:9</CU>
		</successors>
		<localVariables>
		</localVariables>
		<globalVariables>
			<global type="i32*">j</global>
			<global type="i32*">n1.addr</global>
		</globalVariables>
		<callsNode>
			<nodeCalled atLine="22:24">22:10</nodeCalled>
			<nodeCalled atLine="22:24">22:11</nodeCalled>
		</callsNode>
	</Node>

	<Node id="22:10" type="3" name="pow" startsAtLine = "262143:16383" endsAtLine = "262143:16383">
		<childrenNodes></childrenNodes>
		<funcArguments>
			<arg type="double"></arg>
			<arg type="double"></arg>
		</funcArguments>
	</Node>

	<Node id="22:11" type="3" name="sprintf" startsAtLine = "262143:16383" endsAtLine = "262143:16383">
		<childrenNodes></childrenNodes>
		<funcArguments>
			<arg type="i8*"></arg>
			<arg type="i8*"></arg>
		</funcArguments>
	</Node>

	<Node id="22:9" type="0" name="" startsAtLine = "22:26" endsAtLine = "22:26">
		<childrenNodes></childrenNodes>
		<BasicBlockID>if.then13</BasicBlockID>
		<readDataSize>8</readDataSize>
		<writeDataSize>0</writeDataSize>
		<instructionLines count="1">22:26</instructionLines>
		<readPhaseLines count="1">22:26</readPhaseLines>
		<writePhaseLines count="0"></writePhaseLines>
		<successors>
			<CU>22:12</CU>
			<CU>22:13</CU>
		</successors>
		<localVariables>
		</localVariables>
		<globalVariables>
			<global type="i32*">j</global>
			<global type="i8*">size</global>
		</globalVariables>
		<callsNode>
		</callsNode>
	</Node>

	<Node id="22:12" type="0" name="" startsAtLine = "22:27" endsAtLine = "22:29">
		<childrenNodes></childrenNodes>
		<BasicBlockID>if.then21</BasicBlockID>
		<readDataSize>64</readDataSize>
		<writeDataSize>128</writeDataSize>
		<instructionLines count="3">22:27,22:28,22:29</instructionLines>
		<readPhaseLines count="2">22:27,22:28</readPhaseLines>
		<writePhaseLines count="2">22:27,22:28</writePhaseLines>
		<successors>
			<CU>22:13</CU>
		</successors>
		<localVariables>
		</localVariables>
		<globalVariables>
			<global type="i32*">j</global>
			<global type="i8*">size</global>
		</globalVariables>
		<callsNode>
		</callsNode>
	</Node>

	<Node id="22:13" type="0" name="" startsAtLine = "22:30" endsAtLine = "22:32">
		<childrenNodes>22:14</childrenNodes>
		<BasicBlockID>if.end</BasicBlockID>
		<readDataSize>32</readDataSize>
		<writeDataSize>64</writeDataSize>
		<instructionLines count="3">22:30,22:31,22:32</instructionLines>
		<readPhaseLines count="1">22:30</readPhaseLines>
		<writePhaseLines count="1">22:30</writePhaseLines>
		<successors>
			<CU>22:15</CU>
		</successors>
		<localVariables>
		</localVariables>
		<globalVariables>
			<global type="i32*">j</global>
			<global type="i8*">size</global>
		</globalVariables>
		<callsNode>
			<nodeCalled atLine="22:31">22:14</nodeCalled>
		</callsNode>
	</Node>

	<Node id="22:14" type="3" name="printf" startsAtLine = "262143:16383" endsAtLine = "262143:16383">
		<childrenNodes></childrenNodes>
		<funcArguments>
			<arg type="i8*"></arg>
		</funcArguments>
	</Node>

	<Node id="22:15" type="0" name="" startsAtLine = "22:35" endsAtLine = "22:35">
		<childrenNodes></childrenNodes>
		<BasicBlockID>if.end29</BasicBlockID>
		<readDataSize>0</readDataSize>
		<writeDataSize>0</writeDataSize>
		<instructionLines count="1">22:35</instructionLines>
		<readPhaseLines count="0"></readPhaseLines>
		<writePhaseLines count="0"></writePhaseLines>
		<successors>
			<CU>22:16</CU>
		</successors>
		<localVariables>
		</localVariables>
		<globalVariables>
		</globalVariables>
		<callsNode>
		</callsNode>
	</Node>

	<Node id="22:16" type="0" name="" startsAtLine = "22:39" endsAtLine = "22:43">
		<childrenNodes>22:17,22:18,22:19,22:20</childrenNodes>
		<BasicBlockID>if.end32</BasicBlockID>
		<readDataSize>256</readDataSize>
		<writeDataSize>0</writeDataSize>
		<instructionLines count="5">22:39,22:40,22:41,22:42,22:43</instructionLines>
		<readPhaseLines count="5">22:39,22:40,22:41,22:42,22:43</readPhaseLines>
		<writePhaseLines count="0"></writePhaseLines>
		<successors>
			<CU>22:21</CU>
			<CU>22:34</CU>
		</successors>
		<localVariables>
		</localVariables>
		<globalVariables>
			<global type="double*">mops.addr</global>
			<global type="i32*">niter.addr</global>
			<global type="i8**">optype.addr</global>
			<global type="double*">t.addr</global>
			<global type="i32*">verified.addr</global>
		</globalVariables>
		<callsNode>
			<nodeCalled atLine="22:39">22:17</nodeCalled>
			<nodeCalled atLine="22:40">22:18</nodeCalled>
			<nodeCalled atLine="22:41">22:19</nodeCalled>
			<nodeCalled atLine="22:42">22:20</nodeCalled>
		</callsNode>
	</Node>

	<Node id="22:17" type="3" name="printf" startsAtLine = "262143:16383" endsAtLine = "262143:16383">
		<childrenNodes></childrenNodes>
		<funcArguments>
			<arg type="i8*"></arg>
		</funcArguments>
	</Node>

	<Node id="22:18" type="3" name="printf" startsAtLine = "262143:16383" endsAtLine = "262143:16383">
		<childrenNodes></childrenNodes>
		<funcArguments>
			<arg type="i8*"></arg>
		</funcArguments>
	</Node>

	<Node id="22:19" type="3" name="printf" startsAtLine = "262143:16383" endsAtLine = "262143:16383">
		<childrenNodes></childrenNodes>
		<funcArguments>
			<arg type="i8*"></arg>
		</funcArguments>
	</Node>

	<Node id="22:20" type="3" name="printf" startsAtLine = "262143:16383" endsAtLine = "262143:16383">
		<childrenNodes></childrenNodes>
		<funcArguments>
			<arg type="i8*"></arg>
		</funcArguments>
	</Node>

	<Node id="22:21" type="0" name="" startsAtLine = "22:44" endsAtLine = "22:44">
		<childrenNodes>22:22</childrenNodes>
		<BasicBlockID>if.then37</BasicBlockID>
		<readDataSize>0</readDataSize>
		<writeDataSize>0</writeDataSize>
		<instructionLines count="1">22:44</instructionLines>
		<readPhaseLines count="0"></readPhaseLines>
		<writePhaseLines count="0"></writePhaseLines>
		<successors>
			<CU>22:23</CU>
		</successors>
		<localVariables>
		</localVariables>
		<globalVariables>
		</globalVariables>
		<callsNode>
			<nodeCalled atLine="22:44">22:22</nodeCalled>
		</callsNode>
	</Node>

	<Node id="22:22" type="3" name="printf" startsAtLine = "262143:16383" endsAtLine = "262143:16383">
		<childrenNodes></childrenNodes>
		<funcArguments>
			<arg type="i8*"></arg>
		</funcArguments>
	</Node>

	<Node id="22:23" type="0" name="" startsAtLine = "22:47" endsAtLine = "22:65">
		<childrenNodes>22:24,22:25,22:26,22:27,22:28,22:29,22:30,22:31,22:32,22:33</childrenNodes>
		<BasicBlockID>if.end41</BasicBlockID>
		<readDataSize>576</readDataSize>
		<writeDataSize>0</writeDataSize>
		<instructionLines count="12">22:47,22:48,22:50,22:51,22:52,22:53,22:54,22:55,22:56,22:57,22:59,22:65</instructionLines>
		<readPhaseLines count="9">22:47,22:48,22:51,22:52,22:53,22:54,22:55,22:56,22:57</readPhaseLines>
		<writePhaseLines count="0"></writePhaseLines>
		<successors>
		</successors>
		<localVariables>
		</localVariables>
		<globalVariables>
			<global type="i8**">compiletime.addr</global>
			<global type="i8**">cs1.addr</global>
			<global type="i8**">cs2.addr</global>
			<global type="i8**">cs3.addr</global>
			<global type="i8**">cs4.addr</global>
			<global type="i8**">cs5.addr</global>
			<global type="i8**">cs6.addr</global>
			<global type="i8**">cs7.addr</global>
			<global type="i8**">npbversion.addr</global>
		</globalVariables>
		<callsNode>
			<nodeCalled atLine="22:47">22:24</nodeCalled>
			<nodeCalled atLine="22:48">22:25</nodeCalled>
			<nodeCalled atLine="22:50">22:26</nodeCalled>
			<nodeCalled atLine="22:52">22:27</nodeCalled>
			<nodeCalled atLine="22:53">22:28</nodeCalled>
			<nodeCalled atLine="22:54">22:29</nodeCalled>
			<nodeCalled atLine="22:55">22:30</nodeCalled>
			<nodeCalled atLine="22:56">22:31</nodeCalled>
			<nodeCalled atLine="22:57">22:32</nodeCalled>
			<nodeCalled atLine="22:59">22:33</nodeCalled>
		</callsNode>
	</Node>

	<Node id="22:24" type="3" name="printf" startsAtLine = "262143:16383" endsAtLine = "262143:16383">
		<childrenNodes></childrenNodes>
		<funcArguments>
			<arg type="i8*"></arg>
		</funcArguments>
	</Node>

	<Node id="22:25" type="3" name="printf" startsAtLine = "262143:16383" endsAtLine = "262143:16383">
		<childrenNodes></childrenNodes>
		<funcArguments>
			<arg type="i8*"></arg>
		</funcArguments>
	</Node>

	<Node id="22:26" type="3" name="printf" startsAtLine = "262143:16383" endsAtLine = "262143:16383">
		<childrenNodes></childrenNodes>
		<funcArguments>
			<arg type="i8*"></arg>
		</funcArguments>
	</Node>

	<Node id="22:27" type="3" name="printf" startsAtLine = "262143:16383" endsAtLine = "262143:16383">
		<childrenNodes></childrenNodes>
		<funcArguments>
			<arg type="i8*"></arg>
		</funcArguments>
	</Node>

	<Node id="22:28" type="3" name="printf" startsAtLine = "262143:16383" endsAtLine = "262143:16383">
		<childrenNodes></childrenNodes>
		<funcArguments>
			<arg type="i8*"></arg>
		</funcArguments>
	</Node>

	<Node id="22:29" type="3" name="printf" startsAtLine = "262143:16383" endsAtLine = "262143:16383">
		<childrenNodes></childrenNodes>
		<funcArguments>
			<arg type="i8*"></arg>
		</funcArguments>
	</Node>

	<Node id="22:30" type="3" name="printf" startsAtLine = "262143:16383" endsAtLine = "262143:16383">
		<childrenNodes></childrenNodes>
		<funcArguments>
			<arg type="i8*"></arg>
		</funcArguments>
	</Node>

	<Node id="22:31" type="3" name="printf" startsAtLine = "262143:16383" endsAtLine = "262143:16383">
		<childrenNodes></childrenNodes>
		<funcArguments>
			<arg type="i8*"></arg>
		</funcArguments>
	</Node>

	<Node id="22:32" type="3" name="printf" startsAtLine = "262143:16383" endsAtLine = "262143:16383">
		<childrenNodes></childrenNodes>
		<funcArguments>
			<arg type="i8*"></arg>
		</funcArguments>
	</Node>

	<Node id="22:33" type="3" name="printf" startsAtLine = "262143:16383" endsAtLine = "262143:16383">
		<childrenNodes></childrenNodes>
		<funcArguments>
			<arg type="i8*"></arg>
		</funcArguments>
	</Node>

	<Node id="22:34" type="0" name="" startsAtLine = "22:46" endsAtLine = "22:46">
		<childrenNodes>22:35</childrenNodes>
		<BasicBlockID>if.else39</BasicBlockID>
		<readDataSize>0</readDataSize>
		<writeDataSize>0</writeDataSize>
		<instructionLines count="1">22:46</instructionLines>
		<readPhaseLines count="0"></readPhaseLines>
		<writePhaseLines count="0"></writePhaseLines>
		<successors>
			<CU>22:23</CU>
		</successors>
		<localVariables>
		</localVariables>
		<globalVariables>
		</globalVariables>
		<callsNode>
			<nodeCalled atLine="22:46">22:35</nodeCalled>
		</callsNode>
	</Node>

	<Node id="22:35" type="3" name="printf" startsAtLine = "262143:16383" endsAtLine = "262143:16383">
		<childrenNodes></childrenNodes>
		<funcArguments>
			<arg type="i8*"></arg>
		</funcArguments>
	</Node>

	<Node id="22:36" type="0" name="" startsAtLine = "22:33" endsAtLine = "22:33">
		<childrenNodes>22:37</childrenNodes>
		<BasicBlockID>if.else</BasicBlockID>
		<readDataSize>32</readDataSize>
		<writeDataSize>0</writeDataSize>
		<instructionLines count="1">22:33</instructionLines>
		<readPhaseLines count="1">22:33</readPhaseLines>
		<writePhaseLines count="0"></writePhaseLines>
		<successors>
			<CU>22:15</CU>
		</successors>
		<localVariables>
		</localVariables>
		<globalVariables>
			<global type="i32*">n1.addr</global>
		</globalVariables>
		<callsNode>
			<nodeCalled atLine="22:33">22:37</nodeCalled>
		</callsNode>
	</Node>

	<Node id="22:37" type="3" name="printf" startsAtLine = "262143:16383" endsAtLine = "262143:16383">
		<childrenNodes></childrenNodes>
		<funcArguments>
			<arg type="i8*"></arg>
		</funcArguments>
	</Node>

	<Node id="22:38" type="0" name="" startsAtLine = "22:36" endsAtLine = "22:36">
		<childrenNodes>22:39</childrenNodes>
		<BasicBlockID>if.else30</BasicBlockID>
		<readDataSize>96</readDataSize>
		<writeDataSize>0</writeDataSize>
		<instructionLines count="1">22:36</instructionLines>
		<readPhaseLines count="1">22:36</readPhaseLines>
		<writePhaseLines count="0"></writePhaseLines>
		<successors>
			<CU>22:16</CU>
		</successors>
		<localVariables>
		</localVariables>
		<globalVariables>
			<global type="i32*">n1.addr</global>
			<global type="i32*">n2.addr</global>
			<global type="i32*">n3.addr</global>
		</globalVariables>
		<callsNode>
			<nodeCalled atLine="22:36">22:39</nodeCalled>
		</callsNode>
	</Node>

	<Node id="22:39" type="3" name="printf" startsAtLine = "262143:16383" endsAtLine = "262143:16383">
		<childrenNodes></childrenNodes>
		<funcArguments>
			<arg type="i8*"></arg>
		</funcArguments>
	</Node>

</Nodes>


<Nodes>

	<Node id="24:40" type="1" name="randlc" startsAtLine = "24:4" endsAtLine = "24:67">
		<childrenNodes>24:41</childrenNodes>
		<funcArguments>
			<arg type="double*">x</arg>
			<arg type="double">a</arg>
		</funcArguments>
	</Node>

	<Node id="24:41" type="0" name="" startsAtLine = "24:4" endsAtLine = "24:67">
		<childrenNodes></childrenNodes>
		<BasicBlockID>entry</BasicBlockID>
		<readDataSize>1728</readDataSize>
		<writeDataSize>1216</writeDataSize>
		<instructionLines count="21">24:4,24:36,24:37,24:38,24:39,24:41,24:42,24:47,24:48,24:49,24:56,24:57,24:58,24:59,24:60,24:61,24:62,24:63,24:64,24:65,24:67</instructionLines>
		<readPhaseLines count="0"></readPhaseLines>
		<writePhaseLines count="0"></writePhaseLines>
		<successors>
		</successors>
		<localVariables>
			<local type="double*">a.addr</local>
			<local type="double*">a1</local>
			<local type="double*">a2</local>
			<local type="double*">r</local>
			<local type="double*">r23</local>
			<local type="double*">r46</local>
			<local type="double*">t1</local>
			<local type="double*">t2</local>
			<local type="double*">t23</local>
			<local type="double*">t3</local>
			<local type="double*">t4</local>
			<local type="double*">t46</local>
			<local type="double**">x.addr</local>
			<local type="double*">x1</local>
			<local type="double*">x2</local>
			<local type="double*">z</local>
		</localVariables>
		<globalVariables>
		</globalVariables>
		<callsNode>
		</callsNode>
	</Node>

</Nodes>


<Nodes>

	<Node id="24:42" type="1" name="vranlc" startsAtLine = "24:71" endsAtLine = "24:140">
		<childrenNodes>24:43,24:44,24:45,24:46,24:53</childrenNodes>
		<funcArguments>
			<arg type="i32">n</arg>
			<arg type="double*">x</arg>
			<arg type="double">a</arg>
			<arg type="double*">y</arg>
		</funcArguments>
	</Node>

	<Node id="24:43" type="0" name="" startsAtLine = "24:71" endsAtLine = "24:115">
		<childrenNodes></childrenNodes>
		<BasicBlockID>entry</BasicBlockID>
		<readDataSize>128</readDataSize>
		<writeDataSize>576</writeDataSize>
		<instructionLines count="8">24:71,24:103,24:104,24:105,24:106,24:108,24:110,24:115</instructionLines>
		<readPhaseLines count="0"></readPhaseLines>
		<writePhaseLines count="1">24:115</writePhaseLines>
		<successors>
			<CU>24:44</CU>
		</successors>
		<localVariables>
			<local type="double*">a.addr</local>
			<local type="double*">r23</local>
			<local type="double*">r46</local>
			<local type="double*">t23</local>
			<local type="double*">t46</local>
		</localVariables>
		<globalVariables>
			<global type="double*">t1</global>
		</globalVariables>
		<callsNode>
		</callsNode>
	</Node>

	<Node id="24:44" type="0" name="" startsAtLine = "24:116" endsAtLine = "24:116">
		<childrenNodes></childrenNodes>
		<BasicBlockID>entry</BasicBlockID>
		<readDataSize>128</readDataSize>
		<writeDataSize>64</writeDataSize>
		<instructionLines count="1">24:116</instructionLines>
		<readPhaseLines count="1">24:116</readPhaseLines>
		<writePhaseLines count="1">24:116</writePhaseLines>
		<successors>
			<CU>24:45</CU>
		</successors>
		<localVariables>
		</localVariables>
		<globalVariables>
			<global type="double*">a1</global>
			<global type="double*">t1</global>
		</globalVariables>
		<callsNode>
		</callsNode>
	</Node>

	<Node id="24:45" type="0" name="" startsAtLine = "24:117" endsAtLine = "24:122">
		<childrenNodes></childrenNodes>
		<BasicBlockID>entry</BasicBlockID>
		<readDataSize>0</readDataSize>
		<writeDataSize>128</writeDataSize>
		<instructionLines count="2">24:117,24:122</instructionLines>
		<readPhaseLines count="1">24:117</readPhaseLines>
		<writePhaseLines count="2">24:117,24:122</writePhaseLines>
		<successors>
			<CU>24:47</CU>
		</successors>
		<localVariables>
			<local type="double*">a.addr</local>
		</localVariables>
		<globalVariables>
			<global type="double*">a1</global>
			<global type="double*">a2</global>
			<global type="i32*">i</global>
		</globalVariables>
		<callsNode>
		</callsNode>
	</Node>

	<Node id="24:46" type="2" name="" startsAtLine = "24:122" endsAtLine = "24:138">
		<childrenNodes>24:47,24:48,24:49,24:50,24:51,24:52</childrenNodes>
	</Node>

	<Node id="24:47" type="0" name="" startsAtLine = "24:122" endsAtLine = "24:122">
		<childrenNodes></childrenNodes>
		<BasicBlockID>for.cond</BasicBlockID>
		<readDataSize>64</readDataSize>
		<writeDataSize>0</writeDataSize>
		<instructionLines count="1">24:122</instructionLines>
		<readPhaseLines count="1">24:122</readPhaseLines>
		<writePhaseLines count="0"></writePhaseLines>
		<successors>
			<CU>24:48</CU>
			<CU>24:53</CU>
		</successors>
		<localVariables>
		</localVariables>
		<globalVariables>
			<global type="i32*">i</global>
			<global type="i32*">n.addr</global>
		</globalVariables>
		<callsNode>
		</callsNode>
	</Node>

	<Node id="24:48" type="0" name="" startsAtLine = "24:128" endsAtLine = "24:128">
		<childrenNodes></childrenNodes>
		<BasicBlockID>for.body</BasicBlockID>
		<readDataSize>192</readDataSize>
		<writeDataSize>64</writeDataSize>
		<instructionLines count="1">24:128</instructionLines>
		<readPhaseLines count="1">24:128</readPhaseLines>
		<writePhaseLines count="1">24:128</writePhaseLines>
		<successors>
			<CU>24:49</CU>
		</successors>
		<localVariables>
		</localVariables>
		<globalVariables>
			<global type="double*">t1</global>
			<global type="double**">x.addr</global>
		</globalVariables>
		<callsNode>
		</callsNode>
	</Node>

	<Node id="24:49" type="0" name="" startsAtLine = "24:129" endsAtLine = "24:131">
		<childrenNodes></childrenNodes>
		<BasicBlockID>for.body</BasicBlockID>
		<readDataSize>512</readDataSize>
		<writeDataSize>192</writeDataSize>
		<instructionLines count="3">24:129,24:130,24:131</instructionLines>
		<readPhaseLines count="3">24:129,24:130,24:131</readPhaseLines>
		<writePhaseLines count="1">24:131</writePhaseLines>
		<successors>
			<CU>24:50</CU>
		</successors>
		<localVariables>
			<local type="double*">x1</local>
			<local type="double*">x2</local>
		</localVariables>
		<globalVariables>
			<global type="double*">a1</global>
			<global type="double*">a2</global>
			<global type="double*">t1</global>
			<global type="double**">x.addr</global>
		</globalVariables>
		<callsNode>
		</callsNode>
	</Node>

	<Node id="24:50" type="0" name="" startsAtLine = "24:132" endsAtLine = "24:136">
		<childrenNodes></childrenNodes>
		<BasicBlockID>for.body</BasicBlockID>
		<readDataSize>640</readDataSize>
		<writeDataSize>320</writeDataSize>
		<instructionLines count="5">24:132,24:133,24:134,24:135,24:136</instructionLines>
		<readPhaseLines count="4">24:132,24:133,24:134,24:136</readPhaseLines>
		<writePhaseLines count="1">24:136</writePhaseLines>
		<successors>
			<CU>24:51</CU>
		</successors>
		<localVariables>
			<local type="double*">t2</local>
			<local type="double*">t3</local>
			<local type="double*">t4</local>
			<local type="double*">x2</local>
			<local type="double*">z</local>
		</localVariables>
		<globalVariables>
			<global type="double*">a2</global>
			<global type="double*">t1</global>
			<global type="double**">x.addr</global>
		</globalVariables>
		<callsNode>
		</callsNode>
	</Node>

	<Node id="24:51" type="0" name="" startsAtLine = "24:137" endsAtLine = "24:138">
		<childrenNodes></childrenNodes>
		<BasicBlockID>for.body</BasicBlockID>
		<readDataSize>160</readDataSize>
		<writeDataSize>64</writeDataSize>
		<instructionLines count="2">24:137,24:138</instructionLines>
		<readPhaseLines count="1">24:137</readPhaseLines>
		<writePhaseLines count="1">24:137</writePhaseLines>
		<successors>
			<CU>24:52</CU>
		</successors>
		<localVariables>
		</localVariables>
		<globalVariables>
			<global type="i32*">i</global>
			<global type="double**">x.addr</global>
			<global type="double**">y.addr</global>
		</globalVariables>
		<callsNode>
		</callsNode>
	</Node>

	<Node id="24:52" type="0" name="" startsAtLine = "24:122" endsAtLine = "24:122">
		<childrenNodes></childrenNodes>
		<BasicBlockID>for.inc</BasicBlockID>
		<readDataSize>32</readDataSize>
		<writeDataSize>64</writeDataSize>
		<instructionLines count="1">24:122</instructionLines>
		<readPhaseLines count="1">24:122</readPhaseLines>
		<writePhaseLines count="1">24:122</writePhaseLines>
		<successors>
			<CU>24:47</CU>
		</successors>
		<localVariables>
		</localVariables>
		<globalVariables>
			<global type="i32*">i</global>
		</globalVariables>
		<callsNode>
		</callsNode>
	</Node>

	<Node id="24:53" type="0" name="" startsAtLine = "24:140" endsAtLine = "24:140">
		<childrenNodes></childrenNodes>
		<BasicBlockID>for.end</BasicBlockID>
		<readDataSize>0</readDataSize>
		<writeDataSize>0</writeDataSize>
		<instructionLines count="1">24:140</instructionLines>
		<readPhaseLines count="0"></readPhaseLines>
		<writePhaseLines count="0"></writePhaseLines>
		<successors>
		</successors>
		<localVariables>
		</localVariables>
		<globalVariables>
		</globalVariables>
		<callsNode>
		</callsNode>
	</Node>

</Nodes>


<Nodes>

	<Node id="21:54" type="1" name="timer_clear" startsAtLine = "21:25" endsAtLine = "21:28">
		<childrenNodes>21:55</childrenNodes>
		<funcArguments>
			<arg type="i32">n</arg>
		</funcArguments>
	</Node>

	<Node id="21:55" type="0" name="" startsAtLine = "21:25" endsAtLine = "21:28">
		<childrenNodes></childrenNodes>
		<BasicBlockID>entry</BasicBlockID>
		<readDataSize>32</readDataSize>
		<writeDataSize>128</writeDataSize>
		<instructionLines count="3">21:25,21:27,21:28</instructionLines>
		<readPhaseLines count="0"></readPhaseLines>
		<writePhaseLines count="1">21:27</writePhaseLines>
		<successors>
		</successors>
		<localVariables>
			<local type="i32*">n.addr</local>
		</localVariables>
		<globalVariables>
			<global type="double*">elapsed</global>
		</globalVariables>
		<callsNode>
		</callsNode>
	</Node>

</Nodes>


<Nodes>

	<Node id="21:56" type="1" name="timer_start" startsAtLine = "21:34" endsAtLine = "21:37">
		<childrenNodes>21:57</childrenNodes>
		<funcArguments>
			<arg type="i32">n</arg>
		</funcArguments>
	</Node>

	<Node id="21:57" type="0" name="" startsAtLine = "21:34" endsAtLine = "21:37">
		<childrenNodes>21:58</childrenNodes>
		<BasicBlockID>entry</BasicBlockID>
		<readDataSize>32</readDataSize>
		<writeDataSize>128</writeDataSize>
		<instructionLines count="3">21:34,21:36,21:37</instructionLines>
		<readPhaseLines count="0"></readPhaseLines>
		<writePhaseLines count="1">21:36</writePhaseLines>
		<successors>
		</successors>
		<localVariables>
			<local type="i32*">n.addr</local>
		</localVariables>
		<globalVariables>
			<global type="double*">start</global>
		</globalVariables>
		<callsNode>
			<nodeCalled atLine="21:36">21:58</nodeCalled>
		</callsNode>
	</Node>

	<Node id="21:58" type="3" name="elapsed_time" startsAtLine = "262143:16383" endsAtLine = "262143:16383">
		<childrenNodes></childrenNodes>
		<funcArguments>
		</funcArguments>
	</Node>

</Nodes>


<Nodes>

	<Node id="21:59" type="1" name="elapsed_time" startsAtLine = "21:13" endsAtLine = "21:16">
		<childrenNodes>21:60</childrenNodes>
		<funcArguments>
		</funcArguments>
	</Node>

	<Node id="21:60" type="0" name="" startsAtLine = "21:13" endsAtLine = "21:16">
		<childrenNodes>21:61</childrenNodes>
		<BasicBlockID>entry</BasicBlockID>
		<readDataSize>64</readDataSize>
		<writeDataSize>0</writeDataSize>
		<instructionLines count="3">21:13,21:15,21:16</instructionLines>
		<readPhaseLines count="0"></readPhaseLines>
		<writePhaseLines count="0"></writePhaseLines>
		<successors>
		</successors>
		<localVariables>
			<local type="double*">t</local>
		</localVariables>
		<globalVariables>
		</globalVariables>
		<callsNode>
			<nodeCalled atLine="21:15">21:61</nodeCalled>
		</callsNode>
	</Node>

	<Node id="21:61" type="3" name="wtime_" startsAtLine = "262143:16383" endsAtLine = "262143:16383">
		<childrenNodes></childrenNodes>
		<funcArguments>
			<arg type="double*"></arg>
		</funcArguments>
	</Node>

</Nodes>


<Nodes>

	<Node id="21:62" type="1" name="timer_stop" startsAtLine = "21:43" endsAtLine = "21:51">
		<childrenNodes>21:63,21:64,21:65</childrenNodes>
		<funcArguments>
			<arg type="i32">n</arg>
		</funcArguments>
	</Node>

	<Node id="21:63" type="0" name="" startsAtLine = "21:43" endsAtLine = "21:47">
		<childrenNodes>21:66</childrenNodes>
		<BasicBlockID>entry</BasicBlockID>
		<readDataSize>96</readDataSize>
		<writeDataSize>128</writeDataSize>
		<instructionLines count="3">21:43,21:45,21:47</instructionLines>
		<readPhaseLines count="0"></readPhaseLines>
		<writePhaseLines count="0"></writePhaseLines>
		<successors>
			<CU>21:64</CU>
		</successors>
		<localVariables>
			<local type="double*">now</local>
		</localVariables>
		<globalVariables>
		</globalVariables>
		<callsNode>
			<nodeCalled atLine="21:47">21:66</nodeCalled>
		</callsNode>
	</Node>

	<Node id="21:66" type="3" name="elapsed_time" startsAtLine = "262143:16383" endsAtLine = "262143:16383">
		<childrenNodes></childrenNodes>
		<funcArguments>
		</funcArguments>
	</Node>

	<Node id="21:64" type="0" name="" startsAtLine = "21:48" endsAtLine = "21:48">
		<childrenNodes></childrenNodes>
		<BasicBlockID>entry</BasicBlockID>
		<readDataSize>128</readDataSize>
		<writeDataSize>64</writeDataSize>
		<instructionLines count="1">21:48</instructionLines>
		<readPhaseLines count="1">21:48</readPhaseLines>
		<writePhaseLines count="1">21:48</writePhaseLines>
		<successors>
			<CU>21:65</CU>
		</successors>
		<localVariables>
			<local type="double*">now</local>
		</localVariables>
		<globalVariables>
			<global type="i32*">n.addr</global>
			<global type="double*">start</global>
			<global type="double*">t</global>
		</globalVariables>
		<callsNode>
		</callsNode>
	</Node>

	<Node id="21:65" type="0" name="" startsAtLine = "21:49" endsAtLine = "21:51">
		<childrenNodes></childrenNodes>
		<BasicBlockID>entry</BasicBlockID>
		<readDataSize>96</readDataSize>
		<writeDataSize>64</writeDataSize>
		<instructionLines count="2">21:49,21:51</instructionLines>
		<readPhaseLines count="1">21:49</readPhaseLines>
		<writePhaseLines count="1">21:49</writePhaseLines>
		<successors>
		</successors>
		<localVariables>
		</localVariables>
		<globalVariables>
			<global type="double*">elapsed</global>
			<global type="i32*">n.addr</global>
			<global type="double*">t</global>
		</globalVariables>
		<callsNode>
		</callsNode>
	</Node>

</Nodes>


<Nodes>

	<Node id="21:67" type="1" name="timer_read" startsAtLine = "21:57" endsAtLine = "21:59">
		<childrenNodes>21:68,21:69</childrenNodes>
		<funcArguments>
			<arg type="i32">n</arg>
		</funcArguments>
	</Node>

	<Node id="21:68" type="0" name="" startsAtLine = "21:57" endsAtLine = "21:57">
		<childrenNodes></childrenNodes>
		<BasicBlockID>entry</BasicBlockID>
		<readDataSize>32</readDataSize>
		<writeDataSize>64</writeDataSize>
		<instructionLines count="1">21:57</instructionLines>
		<readPhaseLines count="0"></readPhaseLines>
		<writePhaseLines count="0"></writePhaseLines>
		<successors>
			<CU>21:69</CU>
		</successors>
		<localVariables>
		</localVariables>
		<globalVariables>
		</globalVariables>
		<callsNode>
		</callsNode>
	</Node>

	<Node id="21:69" type="0" name="" startsAtLine = "21:59" endsAtLine = "21:59">
		<childrenNodes></childrenNodes>
		<BasicBlockID>entry</BasicBlockID>
		<readDataSize>64</readDataSize>
		<writeDataSize>0</writeDataSize>
		<instructionLines count="1">21:59</instructionLines>
		<readPhaseLines count="1">21:59</readPhaseLines>
		<writePhaseLines count="0"></writePhaseLines>
		<successors>
		</successors>
		<localVariables>
		</localVariables>
		<globalVariables>
			<global type="double*">elapsed</global>
			<global type="i32*">n.addr</global>
		</globalVariables>
		<callsNode>
		</callsNode>
	</Node>

</Nodes>


<Nodes>

	<Node id="28:70" type="1" name="wtime_" startsAtLine = "28:7" endsAtLine = "28:14">
		<childrenNodes>28:71,28:73,28:74</childrenNodes>
		<funcArguments>
			<arg type="double*">t</arg>
		</funcArguments>
	</Node>

	<Node id="28:71" type="0" name="" startsAtLine = "28:7" endsAtLine = "28:12">
		<childrenNodes>28:72</childrenNodes>
		<BasicBlockID>entry</BasicBlockID>
		<readDataSize>32</readDataSize>
		<writeDataSize>64</writeDataSize>
		<instructionLines count="4">28:7,28:10,28:11,28:12</instructionLines>
		<readPhaseLines count="1">28:12</readPhaseLines>
		<writePhaseLines count="0"></writePhaseLines>
		<successors>
			<CU>28:73</CU>
			<CU>28:74</CU>
		</successors>
		<localVariables>
		</localVariables>
		<globalVariables>
			<global type="i32*">wtime_.sec</global>
		</globalVariables>
		<callsNode>
			<nodeCalled atLine="28:11">28:72</nodeCalled>
		</callsNode>
	</Node>

	<Node id="28:72" type="3" name="gettimeofday" startsAtLine = "262143:16383" endsAtLine = "262143:16383">
		<childrenNodes></childrenNodes>
		<funcArguments>
			<arg type="%struct.timeval*"></arg>
			<arg type="%struct.timezone*"></arg>
		</funcArguments>
	</Node>

	<Node id="28:73" type="0" name="" startsAtLine = "28:12" endsAtLine = "28:12">
		<childrenNodes></childrenNodes>
		<BasicBlockID>if.then</BasicBlockID>
		<readDataSize>64</readDataSize>
		<writeDataSize>64</writeDataSize>
		<instructionLines count="1">28:12</instructionLines>
		<readPhaseLines count="1">28:12</readPhaseLines>
		<writePhaseLines count="1">28:12</writePhaseLines>
		<successors>
			<CU>28:74</CU>
		</successors>
		<localVariables>
		</localVariables>
		<globalVariables>
			<global type="i64*">tv</global>
			<global type="i32*">wtime_.sec</global>
		</globalVariables>
		<callsNode>
		</callsNode>
	</Node>

	<Node id="28:74" type="0" name="" startsAtLine = "28:13" endsAtLine = "28:14">
		<childrenNodes></childrenNodes>
		<BasicBlockID>if.end</BasicBlockID>
		<readDataSize>224</readDataSize>
		<writeDataSize>64</writeDataSize>
		<instructionLines count="2">28:13,28:14</instructionLines>
		<readPhaseLines count="1">28:13</readPhaseLines>
		<writePhaseLines count="1">28:13</writePhaseLines>
		<successors>
		</successors>
		<localVariables>
		</localVariables>
		<globalVariables>
			<global type="double**">t.addr</global>
			<global type="i64*">tv</global>
			<global type="i32*">wtime_.sec</global>
		</globalVariables>
		<callsNode>
		</callsNode>
	</Node>

</Nodes>


