<Nodes>

	<Node id="41:0" type="1" name="main" startsAtLine = "41:73" endsAtLine = "41:282">
		<childrenNodes>41:1,41:4,41:5,41:6,41:9,41:10,41:15,41:19,41:28,41:33,41:34,41:38,41:39,41:89,41:90,41:94,41:95,41:98,41:99,41:102,41:103,41:104,41:112,41:117,41:119,41:120,41:121,41:122,41:123,41:124,41:131,41:132</childrenNodes>
		<funcArguments>
		</funcArguments>
	</Node>

	<Node id="41:1" type="0" name="" startsAtLine = "41:73" endsAtLine = "41:86">
		<childrenNodes>41:2,41:3</childrenNodes>
		<BasicBlockID>entry</BasicBlockID>
		<readDataSize>0</readDataSize>
		<writeDataSize>128</writeDataSize>
		<instructionLines count="11">41:73,41:74,41:75,41:76,41:77,41:78,41:79,41:81,41:82,41:84,41:86</instructionLines>
		<readPhaseLines count="0"></readPhaseLines>
		<writePhaseLines count="1">41:86</writePhaseLines>
		<successors>
			<CU>41:4</CU>
			<CU>41:132</CU>
		</successors>
		<localVariables>
		</localVariables>
		<globalVariables>
			<global type="%struct._IO_FILE**">fp</global>
		</globalVariables>
		<callsNode>
			<nodeCalled atLine="41:81">41:2</nodeCalled>
			<nodeCalled atLine="41:86">41:3</nodeCalled>
		</callsNode>
	</Node>

	<Node id="41:3" type="3" name="fopen" startsAtLine = "262143:16383" endsAtLine = "262143:16383">
		<childrenNodes></childrenNodes>
		<funcArguments>
			<arg type="i8*"></arg>
			<arg type="i8*"></arg>
		</funcArguments>
	</Node>

	<Node id="41:4" type="0" name="" startsAtLine = "41:87" endsAtLine = "41:88">
		<childrenNodes></childrenNodes>
		<BasicBlockID>if.then</BasicBlockID>
		<readDataSize>0</readDataSize>
		<writeDataSize>64</writeDataSize>
		<instructionLines count="2">41:87,41:88</instructionLines>
		<readPhaseLines count="0"></readPhaseLines>
		<writePhaseLines count="1">41:87</writePhaseLines>
		<successors>
			<CU>41:5</CU>
		</successors>
		<localVariables>
		</localVariables>
		<globalVariables>
			<global type="i32*">timers_enabled</global>
		</globalVariables>
		<callsNode>
		</callsNode>
	</Node>

	<Node id="41:5" type="0" name="" startsAtLine = "41:100" endsAtLine = "41:101">
		<childrenNodes>41:7,41:8</childrenNodes>
		<BasicBlockID>if.end</BasicBlockID>
		<readDataSize>32</readDataSize>
		<writeDataSize>64</writeDataSize>
		<instructionLines count="2">41:100,41:101</instructionLines>
		<readPhaseLines count="0"></readPhaseLines>
		<writePhaseLines count="1">41:101</writePhaseLines>
		<successors>
			<CU>41:6</CU>
		</successors>
		<localVariables>
		</localVariables>
		<globalVariables>
			<global type="i32*">j</global>
		</globalVariables>
		<callsNode>
			<nodeCalled atLine="41:100">41:7</nodeCalled>
			<nodeCalled atLine="41:100">41:8</nodeCalled>
		</callsNode>
	</Node>

	<Node id="41:7" type="3" name="pow" startsAtLine = "262143:16383" endsAtLine = "262143:16383">
		<childrenNodes></childrenNodes>
		<funcArguments>
			<arg type="double"></arg>
			<arg type="double"></arg>
		</funcArguments>
	</Node>

	<Node id="41:8" type="3" name="sprintf" startsAtLine = "262143:16383" endsAtLine = "262143:16383">
		<childrenNodes></childrenNodes>
		<funcArguments>
			<arg type="i8*"></arg>
			<arg type="i8*"></arg>
		</funcArguments>
	</Node>

	<Node id="41:6" type="0" name="" startsAtLine = "41:102" endsAtLine = "41:102">
		<childrenNodes></childrenNodes>
		<BasicBlockID>if.end</BasicBlockID>
		<readDataSize>8</readDataSize>
		<writeDataSize>0</writeDataSize>
		<instructionLines count="1">41:102</instructionLines>
		<readPhaseLines count="1">41:102</readPhaseLines>
		<writePhaseLines count="0"></writePhaseLines>
		<successors>
			<CU>41:9</CU>
			<CU>41:10</CU>
		</successors>
		<localVariables>
		</localVariables>
		<globalVariables>
			<global type="i32*">j</global>
			<global type="i8*">size</global>
		</globalVariables>
		<callsNode>
		</callsNode>
	</Node>

	<Node id="41:9" type="0" name="" startsAtLine = "41:102" endsAtLine = "41:102">
		<childrenNodes></childrenNodes>
		<BasicBlockID>if.then6</BasicBlockID>
		<readDataSize>32</readDataSize>
		<writeDataSize>64</writeDataSize>
		<instructionLines count="1">41:102</instructionLines>
		<readPhaseLines count="1">41:102</readPhaseLines>
		<writePhaseLines count="1">41:102</writePhaseLines>
		<successors>
			<CU>41:10</CU>
		</successors>
		<localVariables>
		</localVariables>
		<globalVariables>
			<global type="i32*">j</global>
		</globalVariables>
		<callsNode>
		</callsNode>
	</Node>

	<Node id="41:10" type="0" name="" startsAtLine = "41:103" endsAtLine = "41:126">
		<childrenNodes>41:11,41:12,41:13,41:14</childrenNodes>
		<BasicBlockID>if.end7</BasicBlockID>
		<readDataSize>160</readDataSize>
		<writeDataSize>320</writeDataSize>
		<instructionLines count="8">41:103,41:104,41:105,41:107,41:115,41:124,41:125,41:126</instructionLines>
		<readPhaseLines count="1">41:103</readPhaseLines>
		<writePhaseLines count="4">41:103,41:107,41:115,41:126</writePhaseLines>
		<successors>
			<CU>41:16</CU>
		</successors>
		<localVariables>
			<local type="double*">dum</local>
		</localVariables>
		<globalVariables>
			<global type="i32*">i</global>
			<global type="i32*">j</global>
			<global type="i32*">np</global>
			<global type="i8*">size</global>
			<global type="i32*">verified</global>
		</globalVariables>
		<callsNode>
			<nodeCalled atLine="41:104">41:11</nodeCalled>
			<nodeCalled atLine="41:105">41:12</nodeCalled>
			<nodeCalled atLine="41:124">41:13</nodeCalled>
			<nodeCalled atLine="41:125">41:14</nodeCalled>
		</callsNode>
	</Node>

	<Node id="41:11" type="3" name="printf" startsAtLine = "262143:16383" endsAtLine = "262143:16383">
		<childrenNodes></childrenNodes>
		<funcArguments>
			<arg type="i8*"></arg>
		</funcArguments>
	</Node>

	<Node id="41:12" type="3" name="printf" startsAtLine = "262143:16383" endsAtLine = "262143:16383">
		<childrenNodes></childrenNodes>
		<funcArguments>
			<arg type="i8*"></arg>
		</funcArguments>
	</Node>

	<Node id="41:13" type="3" name="vranlc" startsAtLine = "262143:16383" endsAtLine = "262143:16383">
		<childrenNodes></childrenNodes>
		<funcArguments>
			<arg type="i32"></arg>
			<arg type="double*"></arg>
			<arg type="double"></arg>
			<arg type="double*"></arg>
		</funcArguments>
	</Node>

	<Node id="41:14" type="3" name="randlc" startsAtLine = "262143:16383" endsAtLine = "262143:16383">
		<childrenNodes></childrenNodes>
		<funcArguments>
			<arg type="double*"></arg>
			<arg type="double"></arg>
		</funcArguments>
	</Node>

	<Node id="41:15" type="2" name="" startsAtLine = "41:126" endsAtLine = "41:128">
		<childrenNodes>41:16,41:17,41:18</childrenNodes>
	</Node>

	<Node id="41:16" type="0" name="" startsAtLine = "41:126" endsAtLine = "41:126">
		<childrenNodes></childrenNodes>
		<BasicBlockID>for.cond</BasicBlockID>
		<readDataSize>32</readDataSize>
		<writeDataSize>0</writeDataSize>
		<instructionLines count="1">41:126</instructionLines>
		<readPhaseLines count="1">41:126</readPhaseLines>
		<writePhaseLines count="0"></writePhaseLines>
		<successors>
			<CU>41:17</CU>
			<CU>41:19</CU>
		</successors>
		<localVariables>
		</localVariables>
		<globalVariables>
			<global type="i32*">i</global>
		</globalVariables>
		<callsNode>
		</callsNode>
	</Node>

	<Node id="41:17" type="0" name="" startsAtLine = "41:127" endsAtLine = "41:128">
		<childrenNodes></childrenNodes>
		<BasicBlockID>for.body</BasicBlockID>
		<readDataSize>32</readDataSize>
		<writeDataSize>64</writeDataSize>
		<instructionLines count="2">41:127,41:128</instructionLines>
		<readPhaseLines count="1">41:127</readPhaseLines>
		<writePhaseLines count="1">41:127</writePhaseLines>
		<successors>
			<CU>41:18</CU>
		</successors>
		<localVariables>
		</localVariables>
		<globalVariables>
			<global type="i32*">i</global>
			<global type="double*">x</global>
		</globalVariables>
		<callsNode>
		</callsNode>
	</Node>

	<Node id="41:18" type="0" name="" startsAtLine = "41:126" endsAtLine = "41:126">
		<childrenNodes></childrenNodes>
		<BasicBlockID>for.inc</BasicBlockID>
		<readDataSize>32</readDataSize>
		<writeDataSize>64</writeDataSize>
		<instructionLines count="1">41:126</instructionLines>
		<readPhaseLines count="1">41:126</readPhaseLines>
		<writePhaseLines count="1">41:126</writePhaseLines>
		<successors>
			<CU>41:16</CU>
		</successors>
		<localVariables>
		</localVariables>
		<globalVariables>
			<global type="i32*">i</global>
		</globalVariables>
		<callsNode>
		</callsNode>
	</Node>

	<Node id="41:19" type="0" name="" startsAtLine = "41:129" endsAtLine = "41:145">
		<childrenNodes>41:20,41:21,41:22,41:23,41:24,41:25,41:26,41:27</childrenNodes>
		<BasicBlockID>for.end</BasicBlockID>
		<readDataSize>0</readDataSize>
		<writeDataSize>256</writeDataSize>
		<instructionLines count="9">41:129,41:131,41:132,41:133,41:134,41:136,41:137,41:143,41:145</instructionLines>
		<readPhaseLines count="0"></readPhaseLines>
		<writePhaseLines count="4">41:129,41:136,41:143,41:145</writePhaseLines>
		<successors>
			<CU>41:29</CU>
		</successors>
		<localVariables>
		</localVariables>
		<globalVariables>
			<global type="double*">Mops</global>
			<global type="i32*">i</global>
			<global type="double*">t1</global>
		</globalVariables>
		<callsNode>
			<nodeCalled atLine="41:129">41:20</nodeCalled>
			<nodeCalled atLine="41:129">41:21</nodeCalled>
			<nodeCalled atLine="41:129">41:22</nodeCalled>
			<nodeCalled atLine="41:131">41:23</nodeCalled>
			<nodeCalled atLine="41:132">41:24</nodeCalled>
			<nodeCalled atLine="41:133">41:25</nodeCalled>
			<nodeCalled atLine="41:134">41:26</nodeCalled>
			<nodeCalled atLine="41:137">41:27</nodeCalled>
		</callsNode>
	</Node>

	<Node id="41:20" type="3" name="fabs" startsAtLine = "262143:16383" endsAtLine = "262143:16383">
		<childrenNodes></childrenNodes>
		<funcArguments>
			<arg type="double"></arg>
		</funcArguments>
	</Node>

	<Node id="41:21" type="3" name="sqrt" startsAtLine = "262143:16383" endsAtLine = "262143:16383">
		<childrenNodes></childrenNodes>
		<funcArguments>
			<arg type="double"></arg>
		</funcArguments>
	</Node>

	<Node id="41:22" type="3" name="log" startsAtLine = "262143:16383" endsAtLine = "262143:16383">
		<childrenNodes></childrenNodes>
		<funcArguments>
			<arg type="double"></arg>
		</funcArguments>
	</Node>

	<Node id="41:23" type="3" name="timer_clear" startsAtLine = "262143:16383" endsAtLine = "262143:16383">
		<childrenNodes></childrenNodes>
		<funcArguments>
			<arg type="i32"></arg>
		</funcArguments>
	</Node>

	<Node id="41:24" type="3" name="timer_clear" startsAtLine = "262143:16383" endsAtLine = "262143:16383">
		<childrenNodes></childrenNodes>
		<funcArguments>
			<arg type="i32"></arg>
		</funcArguments>
	</Node>

	<Node id="41:25" type="3" name="timer_clear" startsAtLine = "262143:16383" endsAtLine = "262143:16383">
		<childrenNodes></childrenNodes>
		<funcArguments>
			<arg type="i32"></arg>
		</funcArguments>
	</Node>

	<Node id="41:26" type="3" name="timer_start" startsAtLine = "262143:16383" endsAtLine = "262143:16383">
		<childrenNodes></childrenNodes>
		<funcArguments>
			<arg type="i32"></arg>
		</funcArguments>
	</Node>

	<Node id="41:27" type="3" name="vranlc" startsAtLine = "262143:16383" endsAtLine = "262143:16383">
		<childrenNodes></childrenNodes>
		<funcArguments>
			<arg type="i32"></arg>
			<arg type="double*"></arg>
			<arg type="double"></arg>
			<arg type="double*"></arg>
		</funcArguments>
	</Node>

	<Node id="41:28" type="2" name="" startsAtLine = "41:145" endsAtLine = "41:147">
		<childrenNodes>41:29,41:30,41:32</childrenNodes>
	</Node>

	<Node id="41:29" type="0" name="" startsAtLine = "41:145" endsAtLine = "41:145">
		<childrenNodes></childrenNodes>
		<BasicBlockID>for.cond27</BasicBlockID>
		<readDataSize>32</readDataSize>
		<writeDataSize>0</writeDataSize>
		<instructionLines count="1">41:145</instructionLines>
		<readPhaseLines count="1">41:145</readPhaseLines>
		<writePhaseLines count="0"></writePhaseLines>
		<successors>
			<CU>41:30</CU>
			<CU>41:33</CU>
		</successors>
		<localVariables>
		</localVariables>
		<globalVariables>
			<global type="i32*">i</global>
		</globalVariables>
		<callsNode>
		</callsNode>
	</Node>

	<Node id="41:30" type="0" name="" startsAtLine = "41:146" endsAtLine = "41:147">
		<childrenNodes>41:31</childrenNodes>
		<BasicBlockID>for.body30</BasicBlockID>
		<readDataSize>64</readDataSize>
		<writeDataSize>64</writeDataSize>
		<instructionLines count="2">41:146,41:147</instructionLines>
		<readPhaseLines count="1">41:146</readPhaseLines>
		<writePhaseLines count="1">41:146</writePhaseLines>
		<successors>
			<CU>41:32</CU>
		</successors>
		<localVariables>
		</localVariables>
		<globalVariables>
			<global type="double*">t1</global>
			<global type="double*">t2</global>
		</globalVariables>
		<callsNode>
			<nodeCalled atLine="41:146">41:31</nodeCalled>
		</callsNode>
	</Node>

	<Node id="41:31" type="3" name="randlc" startsAtLine = "262143:16383" endsAtLine = "262143:16383">
		<childrenNodes></childrenNodes>
		<funcArguments>
			<arg type="double*"></arg>
			<arg type="double"></arg>
		</funcArguments>
	</Node>

	<Node id="41:32" type="0" name="" startsAtLine = "41:145" endsAtLine = "41:145">
		<childrenNodes></childrenNodes>
		<BasicBlockID>for.inc32</BasicBlockID>
		<readDataSize>32</readDataSize>
		<writeDataSize>64</writeDataSize>
		<instructionLines count="1">41:145</instructionLines>
		<readPhaseLines count="1">41:145</readPhaseLines>
		<writePhaseLines count="1">41:145</writePhaseLines>
		<successors>
			<CU>41:29</CU>
		</successors>
		<localVariables>
		</localVariables>
		<globalVariables>
			<global type="i32*">i</global>
		</globalVariables>
		<callsNode>
		</callsNode>
	</Node>

	<Node id="41:33" type="0" name="" startsAtLine = "41:149" endsAtLine = "41:155">
		<childrenNodes></childrenNodes>
		<BasicBlockID>for.end34</BasicBlockID>
		<readDataSize>64</readDataSize>
		<writeDataSize>384</writeDataSize>
		<instructionLines count="6">41:149,41:150,41:151,41:152,41:153,41:155</instructionLines>
		<readPhaseLines count="1">41:149</readPhaseLines>
		<writePhaseLines count="6">41:149,41:150,41:151,41:152,41:153,41:155</writePhaseLines>
		<successors>
			<CU>41:35</CU>
		</successors>
		<localVariables>
		</localVariables>
		<globalVariables>
			<global type="double*">an</global>
			<global type="double*">gc</global>
			<global type="i32*">i</global>
			<global type="double*">sx</global>
			<global type="double*">sy</global>
			<global type="double*">t1</global>
			<global type="double*">tt</global>
		</globalVariables>
		<callsNode>
		</callsNode>
	</Node>

	<Node id="41:34" type="2" name="" startsAtLine = "41:155" endsAtLine = "41:157">
		<childrenNodes>41:35,41:36,41:37</childrenNodes>
	</Node>

	<Node id="41:35" type="0" name="" startsAtLine = "41:155" endsAtLine = "41:155">
		<childrenNodes></childrenNodes>
		<BasicBlockID>for.cond35</BasicBlockID>
		<readDataSize>32</readDataSize>
		<writeDataSize>0</writeDataSize>
		<instructionLines count="1">41:155</instructionLines>
		<readPhaseLines count="1">41:155</readPhaseLines>
		<writePhaseLines count="0"></writePhaseLines>
		<successors>
			<CU>41:36</CU>
			<CU>41:38</CU>
		</successors>
		<localVariables>
		</localVariables>
		<globalVariables>
			<global type="i32*">i</global>
		</globalVariables>
		<callsNode>
		</callsNode>
	</Node>

	<Node id="41:36" type="0" name="" startsAtLine = "41:156" endsAtLine = "41:157">
		<childrenNodes></childrenNodes>
		<BasicBlockID>for.body38</BasicBlockID>
		<readDataSize>32</readDataSize>
		<writeDataSize>64</writeDataSize>
		<instructionLines count="2">41:156,41:157</instructionLines>
		<readPhaseLines count="1">41:156</readPhaseLines>
		<writePhaseLines count="1">41:156</writePhaseLines>
		<successors>
			<CU>41:37</CU>
		</successors>
		<localVariables>
		</localVariables>
		<globalVariables>
			<global type="i32*">i</global>
			<global type="double*">q</global>
		</globalVariables>
		<callsNode>
		</callsNode>
	</Node>

	<Node id="41:37" type="0" name="" startsAtLine = "41:155" endsAtLine = "41:155">
		<childrenNodes></childrenNodes>
		<BasicBlockID>for.inc41</BasicBlockID>
		<readDataSize>32</readDataSize>
		<writeDataSize>64</writeDataSize>
		<instructionLines count="1">41:155</instructionLines>
		<readPhaseLines count="1">41:155</readPhaseLines>
		<writePhaseLines count="1">41:155</writePhaseLines>
		<successors>
			<CU>41:35</CU>
		</successors>
		<localVariables>
		</localVariables>
		<globalVariables>
			<global type="i32*">i</global>
		</globalVariables>
		<callsNode>
		</callsNode>
	</Node>

	<Node id="41:38" type="0" name="" startsAtLine = "41:165" endsAtLine = "41:167">
		<childrenNodes></childrenNodes>
		<BasicBlockID>for.end43</BasicBlockID>
		<readDataSize>0</readDataSize>
		<writeDataSize>128</writeDataSize>
		<instructionLines count="2">41:165,41:167</instructionLines>
		<readPhaseLines count="0"></readPhaseLines>
		<writePhaseLines count="2">41:165,41:167</writePhaseLines>
		<successors>
			<CU>41:40</CU>
		</successors>
		<localVariables>
		</localVariables>
		<globalVariables>
			<global type="i32*">k</global>
			<global type="i32*">k_offset</global>
		</globalVariables>
		<callsNode>
		</callsNode>
	</Node>

	<Node id="41:39" type="2" name="" startsAtLine = "41:167" endsAtLine = "41:212">
		<childrenNodes>41:40,41:41,41:42,41:49,41:50,41:51,41:53,41:55,41:57,41:58,41:60,41:61,41:81,41:82,41:84,41:85</childrenNodes>
	</Node>

	<Node id="41:40" type="0" name="" startsAtLine = "41:167" endsAtLine = "41:167">
		<childrenNodes></childrenNodes>
		<BasicBlockID>for.cond44</BasicBlockID>
		<readDataSize>64</readDataSize>
		<writeDataSize>0</writeDataSize>
		<instructionLines count="1">41:167</instructionLines>
		<readPhaseLines count="1">41:167</readPhaseLines>
		<writePhaseLines count="0"></writePhaseLines>
		<successors>
			<CU>41:41</CU>
			<CU>41:89</CU>
		</successors>
		<localVariables>
		</localVariables>
		<globalVariables>
			<global type="i32*">k</global>
			<global type="i32*">np</global>
		</globalVariables>
		<callsNode>
		</callsNode>
	</Node>

	<Node id="41:41" type="0" name="" startsAtLine = "41:168" endsAtLine = "41:174">
		<childrenNodes></childrenNodes>
		<BasicBlockID>for.body47</BasicBlockID>
		<readDataSize>128</readDataSize>
		<writeDataSize>256</writeDataSize>
		<instructionLines count="4">41:168,41:169,41:170,41:174</instructionLines>
		<readPhaseLines count="2">41:168,41:170</readPhaseLines>
		<writePhaseLines count="4">41:168,41:169,41:170,41:174</writePhaseLines>
		<successors>
			<CU>41:43</CU>
		</successors>
		<localVariables>
		</localVariables>
		<globalVariables>
			<global type="double*">an</global>
			<global type="i32*">i</global>
			<global type="i32*">k</global>
			<global type="i32*">k_offset</global>
			<global type="i32*">kk</global>
			<global type="double*">t1</global>
			<global type="double*">t2</global>
		</globalVariables>
		<callsNode>
		</callsNode>
	</Node>

	<Node id="41:42" type="2" name="" startsAtLine = "41:174" endsAtLine = "41:180">
		<childrenNodes>41:43,41:44,41:45,41:46,41:48,41:86,41:88</childrenNodes>
	</Node>

	<Node id="41:43" type="0" name="" startsAtLine = "41:174" endsAtLine = "41:174">
		<childrenNodes></childrenNodes>
		<BasicBlockID>for.cond49</BasicBlockID>
		<readDataSize>32</readDataSize>
		<writeDataSize>0</writeDataSize>
		<instructionLines count="1">41:174</instructionLines>
		<readPhaseLines count="1">41:174</readPhaseLines>
		<writePhaseLines count="0"></writePhaseLines>
		<successors>
			<CU>41:44</CU>
			<CU>41:50</CU>
		</successors>
		<localVariables>
		</localVariables>
		<globalVariables>
			<global type="i32*">i</global>
		</globalVariables>
		<callsNode>
		</callsNode>
	</Node>

	<Node id="41:44" type="0" name="" startsAtLine = "41:175" endsAtLine = "41:175">
		<childrenNodes></childrenNodes>
		<BasicBlockID>for.body52</BasicBlockID>
		<readDataSize>64</readDataSize>
		<writeDataSize>64</writeDataSize>
		<instructionLines count="1">41:175</instructionLines>
		<readPhaseLines count="1">41:175</readPhaseLines>
		<writePhaseLines count="1">41:175</writePhaseLines>
		<successors>
			<CU>41:45</CU>
		</successors>
		<localVariables>
		</localVariables>
		<globalVariables>
			<global type="i32*">ik</global>
			<global type="i32*">kk</global>
		</globalVariables>
		<callsNode>
		</callsNode>
	</Node>

	<Node id="41:45" type="0" name="" startsAtLine = "41:176" endsAtLine = "41:176">
		<childrenNodes></childrenNodes>
		<BasicBlockID>for.body52</BasicBlockID>
		<readDataSize>32</readDataSize>
		<writeDataSize>0</writeDataSize>
		<instructionLines count="1">41:176</instructionLines>
		<readPhaseLines count="1">41:176</readPhaseLines>
		<writePhaseLines count="0"></writePhaseLines>
		<successors>
			<CU>41:46</CU>
			<CU>41:48</CU>
		</successors>
		<localVariables>
		</localVariables>
		<globalVariables>
			<global type="i32*">ik</global>
			<global type="i32*">kk</global>
		</globalVariables>
		<callsNode>
		</callsNode>
	</Node>

	<Node id="41:46" type="0" name="" startsAtLine = "41:176" endsAtLine = "41:176">
		<childrenNodes>41:47</childrenNodes>
		<BasicBlockID>if.then55</BasicBlockID>
		<readDataSize>64</readDataSize>
		<writeDataSize>64</writeDataSize>
		<instructionLines count="1">41:176</instructionLines>
		<readPhaseLines count="1">41:176</readPhaseLines>
		<writePhaseLines count="1">41:176</writePhaseLines>
		<successors>
			<CU>41:48</CU>
		</successors>
		<localVariables>
		</localVariables>
		<globalVariables>
			<global type="double*">t2</global>
			<global type="double*">t3</global>
		</globalVariables>
		<callsNode>
			<nodeCalled atLine="41:176">41:47</nodeCalled>
		</callsNode>
	</Node>

	<Node id="41:47" type="3" name="randlc" startsAtLine = "262143:16383" endsAtLine = "262143:16383">
		<childrenNodes></childrenNodes>
		<funcArguments>
			<arg type="double*"></arg>
			<arg type="double"></arg>
		</funcArguments>
	</Node>

	<Node id="41:48" type="0" name="" startsAtLine = "41:177" endsAtLine = "41:177">
		<childrenNodes></childrenNodes>
		<BasicBlockID>if.end57</BasicBlockID>
		<readDataSize>32</readDataSize>
		<writeDataSize>0</writeDataSize>
		<instructionLines count="1">41:177</instructionLines>
		<readPhaseLines count="1">41:177</readPhaseLines>
		<writePhaseLines count="0"></writePhaseLines>
		<successors>
			<CU>41:49</CU>
			<CU>41:86</CU>
		</successors>
		<localVariables>
		</localVariables>
		<globalVariables>
			<global type="i32*">ik</global>
		</globalVariables>
		<callsNode>
		</callsNode>
	</Node>

	<Node id="41:86" type="0" name="" startsAtLine = "41:178" endsAtLine = "41:180">
		<childrenNodes>41:87</childrenNodes>
		<BasicBlockID>if.end61</BasicBlockID>
		<readDataSize>96</readDataSize>
		<writeDataSize>128</writeDataSize>
		<instructionLines count="3">41:178,41:179,41:180</instructionLines>
		<readPhaseLines count="2">41:178,41:179</readPhaseLines>
		<writePhaseLines count="2">41:178,41:179</writePhaseLines>
		<successors>
			<CU>41:88</CU>
		</successors>
		<localVariables>
		</localVariables>
		<globalVariables>
			<global type="i32*">ik</global>
			<global type="i32*">kk</global>
			<global type="double*">t2</global>
			<global type="double*">t3</global>
		</globalVariables>
		<callsNode>
			<nodeCalled atLine="41:178">41:87</nodeCalled>
		</callsNode>
	</Node>

	<Node id="41:87" type="3" name="randlc" startsAtLine = "262143:16383" endsAtLine = "262143:16383">
		<childrenNodes></childrenNodes>
		<funcArguments>
			<arg type="double*"></arg>
			<arg type="double"></arg>
		</funcArguments>
	</Node>

	<Node id="41:88" type="0" name="" startsAtLine = "41:174" endsAtLine = "41:174">
		<childrenNodes></childrenNodes>
		<BasicBlockID>for.inc63</BasicBlockID>
		<readDataSize>32</readDataSize>
		<writeDataSize>64</writeDataSize>
		<instructionLines count="1">41:174</instructionLines>
		<readPhaseLines count="1">41:174</readPhaseLines>
		<writePhaseLines count="1">41:174</writePhaseLines>
		<successors>
			<CU>41:43</CU>
		</successors>
		<localVariables>
		</localVariables>
		<globalVariables>
			<global type="i32*">i</global>
		</globalVariables>
		<callsNode>
		</callsNode>
	</Node>

	<Node id="41:49" type="0" name="" startsAtLine = "41:177" endsAtLine = "41:177">
		<childrenNodes></childrenNodes>
		<BasicBlockID>if.then60</BasicBlockID>
		<readDataSize>0</readDataSize>
		<writeDataSize>0</writeDataSize>
		<instructionLines count="1">41:177</instructionLines>
		<readPhaseLines count="0"></readPhaseLines>
		<writePhaseLines count="0"></writePhaseLines>
		<successors>
			<CU>41:50</CU>
		</successors>
		<localVariables>
		</localVariables>
		<globalVariables>
		</globalVariables>
		<callsNode>
		</callsNode>
	</Node>

	<Node id="41:50" type="0" name="" startsAtLine = "41:185" endsAtLine = "41:185">
		<childrenNodes></childrenNodes>
		<BasicBlockID>for.end65</BasicBlockID>
		<readDataSize>32</readDataSize>
		<writeDataSize>0</writeDataSize>
		<instructionLines count="1">41:185</instructionLines>
		<readPhaseLines count="1">41:185</readPhaseLines>
		<writePhaseLines count="0"></writePhaseLines>
		<successors>
			<CU>41:51</CU>
			<CU>41:53</CU>
		</successors>
		<localVariables>
		</localVariables>
		<globalVariables>
			<global type="i32*">timers_enabled</global>
		</globalVariables>
		<callsNode>
		</callsNode>
	</Node>

	<Node id="41:51" type="0" name="" startsAtLine = "41:185" endsAtLine = "41:185">
		<childrenNodes>41:52</childrenNodes>
		<BasicBlockID>if.then66</BasicBlockID>
		<readDataSize>0</readDataSize>
		<writeDataSize>0</writeDataSize>
		<instructionLines count="1">41:185</instructionLines>
		<readPhaseLines count="0"></readPhaseLines>
		<writePhaseLines count="0"></writePhaseLines>
		<successors>
			<CU>41:53</CU>
		</successors>
		<localVariables>
		</localVariables>
		<globalVariables>
		</globalVariables>
		<callsNode>
			<nodeCalled atLine="41:185">41:52</nodeCalled>
		</callsNode>
	</Node>

	<Node id="41:52" type="3" name="timer_start" startsAtLine = "262143:16383" endsAtLine = "262143:16383">
		<childrenNodes></childrenNodes>
		<funcArguments>
			<arg type="i32"></arg>
		</funcArguments>
	</Node>

	<Node id="41:53" type="0" name="" startsAtLine = "41:186" endsAtLine = "41:187">
		<childrenNodes>41:54</childrenNodes>
		<BasicBlockID>if.end67</BasicBlockID>
		<readDataSize>32</readDataSize>
		<writeDataSize>0</writeDataSize>
		<instructionLines count="2">41:186,41:187</instructionLines>
		<readPhaseLines count="1">41:187</readPhaseLines>
		<writePhaseLines count="0"></writePhaseLines>
		<successors>
			<CU>41:55</CU>
			<CU>41:57</CU>
		</successors>
		<localVariables>
		</localVariables>
		<globalVariables>
			<global type="i32*">timers_enabled</global>
		</globalVariables>
		<callsNode>
			<nodeCalled atLine="41:186">41:54</nodeCalled>
		</callsNode>
	</Node>

	<Node id="41:54" type="3" name="vranlc" startsAtLine = "262143:16383" endsAtLine = "262143:16383">
		<childrenNodes></childrenNodes>
		<funcArguments>
			<arg type="i32"></arg>
			<arg type="double*"></arg>
			<arg type="double"></arg>
			<arg type="double*"></arg>
		</funcArguments>
	</Node>

	<Node id="41:55" type="0" name="" startsAtLine = "41:187" endsAtLine = "41:187">
		<childrenNodes>41:56</childrenNodes>
		<BasicBlockID>if.then69</BasicBlockID>
		<readDataSize>0</readDataSize>
		<writeDataSize>0</writeDataSize>
		<instructionLines count="1">41:187</instructionLines>
		<readPhaseLines count="0"></readPhaseLines>
		<writePhaseLines count="0"></writePhaseLines>
		<successors>
			<CU>41:57</CU>
		</successors>
		<localVariables>
		</localVariables>
		<globalVariables>
		</globalVariables>
		<callsNode>
			<nodeCalled atLine="41:187">41:56</nodeCalled>
		</callsNode>
	</Node>

	<Node id="41:56" type="3" name="timer_stop" startsAtLine = "262143:16383" endsAtLine = "262143:16383">
		<childrenNodes></childrenNodes>
		<funcArguments>
			<arg type="i32"></arg>
		</funcArguments>
	</Node>

	<Node id="41:57" type="0" name="" startsAtLine = "41:194" endsAtLine = "41:194">
		<childrenNodes></childrenNodes>
		<BasicBlockID>if.end70</BasicBlockID>
		<readDataSize>32</readDataSize>
		<writeDataSize>0</writeDataSize>
		<instructionLines count="1">41:194</instructionLines>
		<readPhaseLines count="1">41:194</readPhaseLines>
		<writePhaseLines count="0"></writePhaseLines>
		<successors>
			<CU>41:58</CU>
			<CU>41:60</CU>
		</successors>
		<localVariables>
		</localVariables>
		<globalVariables>
			<global type="i32*">timers_enabled</global>
		</globalVariables>
		<callsNode>
		</callsNode>
	</Node>

	<Node id="41:58" type="0" name="" startsAtLine = "41:194" endsAtLine = "41:194">
		<childrenNodes>41:59</childrenNodes>
		<BasicBlockID>if.then72</BasicBlockID>
		<readDataSize>0</readDataSize>
		<writeDataSize>0</writeDataSize>
		<instructionLines count="1">41:194</instructionLines>
		<readPhaseLines count="0"></readPhaseLines>
		<writePhaseLines count="0"></writePhaseLines>
		<successors>
			<CU>41:60</CU>
		</successors>
		<localVariables>
		</localVariables>
		<globalVariables>
		</globalVariables>
		<callsNode>
			<nodeCalled atLine="41:194">41:59</nodeCalled>
		</callsNode>
	</Node>

	<Node id="41:59" type="3" name="timer_start" startsAtLine = "262143:16383" endsAtLine = "262143:16383">
		<childrenNodes></childrenNodes>
		<funcArguments>
			<arg type="i32"></arg>
		</funcArguments>
	</Node>

	<Node id="41:60" type="0" name="" startsAtLine = "41:196" endsAtLine = "41:196">
		<childrenNodes></childrenNodes>
		<BasicBlockID>if.end73</BasicBlockID>
		<readDataSize>0</readDataSize>
		<writeDataSize>64</writeDataSize>
		<instructionLines count="1">41:196</instructionLines>
		<readPhaseLines count="0"></readPhaseLines>
		<writePhaseLines count="1">41:196</writePhaseLines>
		<successors>
			<CU>41:62</CU>
		</successors>
		<localVariables>
		</localVariables>
		<globalVariables>
			<global type="i32*">i</global>
		</globalVariables>
		<callsNode>
		</callsNode>
	</Node>

	<Node id="41:61" type="2" name="" startsAtLine = "41:196" endsAtLine = "41:209">
		<childrenNodes>41:62,41:63,41:64,41:65,41:66,41:67,41:68,41:73,41:75,41:76,41:77,41:78,41:79</childrenNodes>
	</Node>

	<Node id="41:62" type="0" name="" startsAtLine = "41:196" endsAtLine = "41:196">
		<childrenNodes></childrenNodes>
		<BasicBlockID>for.cond74</BasicBlockID>
		<readDataSize>32</readDataSize>
		<writeDataSize>0</writeDataSize>
		<instructionLines count="1">41:196</instructionLines>
		<readPhaseLines count="1">41:196</readPhaseLines>
		<writePhaseLines count="0"></writePhaseLines>
		<successors>
			<CU>41:63</CU>
			<CU>41:81</CU>
		</successors>
		<localVariables>
		</localVariables>
		<globalVariables>
			<global type="i32*">i</global>
		</globalVariables>
		<callsNode>
		</callsNode>
	</Node>

	<Node id="41:63" type="0" name="" startsAtLine = "41:197" endsAtLine = "41:198">
		<childrenNodes></childrenNodes>
		<BasicBlockID>for.body77</BasicBlockID>
		<readDataSize>256</readDataSize>
		<writeDataSize>128</writeDataSize>
		<instructionLines count="2">41:197,41:198</instructionLines>
		<readPhaseLines count="2">41:197,41:198</readPhaseLines>
		<writePhaseLines count="2">41:197,41:198</writePhaseLines>
		<successors>
			<CU>41:64</CU>
		</successors>
		<localVariables>
		</localVariables>
		<globalVariables>
			<global type="i32*">i</global>
			<global type="double*">x</global>
			<global type="double*">x1</global>
			<global type="double*">x2</global>
		</globalVariables>
		<callsNode>
		</callsNode>
	</Node>

	<Node id="41:64" type="0" name="" startsAtLine = "41:199" endsAtLine = "41:199">
		<childrenNodes></childrenNodes>
		<BasicBlockID>for.body77</BasicBlockID>
		<readDataSize>256</readDataSize>
		<writeDataSize>64</writeDataSize>
		<instructionLines count="1">41:199</instructionLines>
		<readPhaseLines count="1">41:199</readPhaseLines>
		<writePhaseLines count="1">41:199</writePhaseLines>
		<successors>
			<CU>41:65</CU>
		</successors>
		<localVariables>
		</localVariables>
		<globalVariables>
			<global type="double*">t1</global>
			<global type="double*">x1</global>
			<global type="double*">x2</global>
		</globalVariables>
		<callsNode>
		</callsNode>
	</Node>

	<Node id="41:65" type="0" name="" startsAtLine = "41:200" endsAtLine = "41:200">
		<childrenNodes></childrenNodes>
		<BasicBlockID>for.body77</BasicBlockID>
		<readDataSize>0</readDataSize>
		<writeDataSize>0</writeDataSize>
		<instructionLines count="1">41:200</instructionLines>
		<readPhaseLines count="1">41:200</readPhaseLines>
		<writePhaseLines count="0"></writePhaseLines>
		<successors>
			<CU>41:66</CU>
			<CU>41:77</CU>
		</successors>
		<localVariables>
		</localVariables>
		<globalVariables>
			<global type="double*">t1</global>
		</globalVariables>
		<callsNode>
		</callsNode>
	</Node>

	<Node id="41:66" type="0" name="" startsAtLine = "41:201" endsAtLine = "41:201">
		<childrenNodes>41:69,41:70</childrenNodes>
		<BasicBlockID>if.then93</BasicBlockID>
		<readDataSize>256</readDataSize>
		<writeDataSize>64</writeDataSize>
		<instructionLines count="1">41:201</instructionLines>
		<readPhaseLines count="1">41:201</readPhaseLines>
		<writePhaseLines count="1">41:201</writePhaseLines>
		<successors>
			<CU>41:67</CU>
		</successors>
		<localVariables>
		</localVariables>
		<globalVariables>
			<global type="double*">t1</global>
			<global type="double*">t2</global>
		</globalVariables>
		<callsNode>
			<nodeCalled atLine="41:201">41:69</nodeCalled>
			<nodeCalled atLine="41:201">41:70</nodeCalled>
		</callsNode>
	</Node>

	<Node id="41:69" type="3" name="log" startsAtLine = "262143:16383" endsAtLine = "262143:16383">
		<childrenNodes></childrenNodes>
		<funcArguments>
			<arg type="double"></arg>
		</funcArguments>
	</Node>

	<Node id="41:70" type="3" name="sqrt" startsAtLine = "262143:16383" endsAtLine = "262143:16383">
		<childrenNodes></childrenNodes>
		<funcArguments>
			<arg type="double"></arg>
		</funcArguments>
	</Node>

	<Node id="41:67" type="0" name="" startsAtLine = "41:202" endsAtLine = "41:203">
		<childrenNodes></childrenNodes>
		<BasicBlockID>if.then93</BasicBlockID>
		<readDataSize>192</readDataSize>
		<writeDataSize>128</writeDataSize>
		<instructionLines count="2">41:202,41:203</instructionLines>
		<readPhaseLines count="2">41:202,41:203</readPhaseLines>
		<writePhaseLines count="2">41:202,41:203</writePhaseLines>
		<successors>
			<CU>41:68</CU>
		</successors>
		<localVariables>
		</localVariables>
		<globalVariables>
			<global type="double*">t2</global>
			<global type="double*">t3</global>
			<global type="double*">t4</global>
			<global type="double*">x1</global>
			<global type="double*">x2</global>
		</globalVariables>
		<callsNode>
		</callsNode>
	</Node>

	<Node id="41:68" type="0" name="" startsAtLine = "41:204" endsAtLine = "41:204">
		<childrenNodes>41:71,41:72</childrenNodes>
		<BasicBlockID>if.then93</BasicBlockID>
		<readDataSize>64</readDataSize>
		<writeDataSize>0</writeDataSize>
		<instructionLines count="1">41:204</instructionLines>
		<readPhaseLines count="1">41:204</readPhaseLines>
		<writePhaseLines count="0"></writePhaseLines>
		<successors>
			<CU>41:73</CU>
			<CU>41:79</CU>
		</successors>
		<localVariables>
		</localVariables>
		<globalVariables>
			<global type="double*">t3</global>
			<global type="double*">t4</global>
		</globalVariables>
		<callsNode>
			<nodeCalled atLine="41:204">41:71</nodeCalled>
			<nodeCalled atLine="41:204">41:72</nodeCalled>
		</callsNode>
	</Node>

	<Node id="41:71" type="3" name="fabs" startsAtLine = "262143:16383" endsAtLine = "262143:16383">
		<childrenNodes></childrenNodes>
		<funcArguments>
			<arg type="double"></arg>
		</funcArguments>
	</Node>

	<Node id="41:72" type="3" name="fabs" startsAtLine = "262143:16383" endsAtLine = "262143:16383">
		<childrenNodes></childrenNodes>
		<funcArguments>
			<arg type="double"></arg>
		</funcArguments>
	</Node>

	<Node id="41:73" type="0" name="" startsAtLine = "41:204" endsAtLine = "41:204">
		<childrenNodes>41:74</childrenNodes>
		<BasicBlockID>cond.true</BasicBlockID>
		<readDataSize>64</readDataSize>
		<writeDataSize>0</writeDataSize>
		<instructionLines count="1">41:204</instructionLines>
		<readPhaseLines count="1">41:204</readPhaseLines>
		<writePhaseLines count="0"></writePhaseLines>
		<successors>
			<CU>41:75</CU>
		</successors>
		<localVariables>
		</localVariables>
		<globalVariables>
			<global type="double*">t3</global>
		</globalVariables>
		<callsNode>
			<nodeCalled atLine="41:204">41:74</nodeCalled>
		</callsNode>
	</Node>

	<Node id="41:74" type="3" name="fabs" startsAtLine = "262143:16383" endsAtLine = "262143:16383">
		<childrenNodes></childrenNodes>
		<funcArguments>
			<arg type="double"></arg>
		</funcArguments>
	</Node>

	<Node id="41:75" type="0" name="" startsAtLine = "41:204" endsAtLine = "41:204">
		<childrenNodes></childrenNodes>
		<BasicBlockID>cond.end</BasicBlockID>
		<readDataSize>32</readDataSize>
		<writeDataSize>64</writeDataSize>
		<instructionLines count="1">41:204</instructionLines>
		<readPhaseLines count="0"></readPhaseLines>
		<writePhaseLines count="1">41:204</writePhaseLines>
		<successors>
			<CU>41:76</CU>
		</successors>
		<localVariables>
		</localVariables>
		<globalVariables>
			<global type="i32*">l</global>
		</globalVariables>
		<callsNode>
		</callsNode>
	</Node>

	<Node id="41:76" type="0" name="" startsAtLine = "41:205" endsAtLine = "41:208">
		<childrenNodes></childrenNodes>
		<BasicBlockID>cond.end</BasicBlockID>
		<readDataSize>352</readDataSize>
		<writeDataSize>192</writeDataSize>
		<instructionLines count="4">41:205,41:206,41:207,41:208</instructionLines>
		<readPhaseLines count="3">41:205,41:206,41:207</readPhaseLines>
		<writePhaseLines count="3">41:205,41:206,41:207</writePhaseLines>
		<successors>
			<CU>41:77</CU>
		</successors>
		<localVariables>
		</localVariables>
		<globalVariables>
			<global type="i32*">l</global>
			<global type="double*">q</global>
			<global type="double*">sx</global>
			<global type="double*">sy</global>
			<global type="double*">t3</global>
			<global type="double*">t4</global>
		</globalVariables>
		<callsNode>
		</callsNode>
	</Node>

	<Node id="41:77" type="0" name="" startsAtLine = "41:209" endsAtLine = "41:209">
		<childrenNodes></childrenNodes>
		<BasicBlockID>if.end114</BasicBlockID>
		<readDataSize>0</readDataSize>
		<writeDataSize>0</writeDataSize>
		<instructionLines count="1">41:209</instructionLines>
		<readPhaseLines count="0"></readPhaseLines>
		<writePhaseLines count="0"></writePhaseLines>
		<successors>
			<CU>41:78</CU>
		</successors>
		<localVariables>
		</localVariables>
		<globalVariables>
		</globalVariables>
		<callsNode>
		</callsNode>
	</Node>

	<Node id="41:78" type="0" name="" startsAtLine = "41:196" endsAtLine = "41:196">
		<childrenNodes></childrenNodes>
		<BasicBlockID>for.inc115</BasicBlockID>
		<readDataSize>32</readDataSize>
		<writeDataSize>64</writeDataSize>
		<instructionLines count="1">41:196</instructionLines>
		<readPhaseLines count="1">41:196</readPhaseLines>
		<writePhaseLines count="1">41:196</writePhaseLines>
		<successors>
			<CU>41:62</CU>
		</successors>
		<localVariables>
		</localVariables>
		<globalVariables>
			<global type="i32*">i</global>
		</globalVariables>
		<callsNode>
		</callsNode>
	</Node>

	<Node id="41:79" type="0" name="" startsAtLine = "41:204" endsAtLine = "41:204">
		<childrenNodes>41:80</childrenNodes>
		<BasicBlockID>cond.false</BasicBlockID>
		<readDataSize>64</readDataSize>
		<writeDataSize>0</writeDataSize>
		<instructionLines count="1">41:204</instructionLines>
		<readPhaseLines count="1">41:204</readPhaseLines>
		<writePhaseLines count="0"></writePhaseLines>
		<successors>
			<CU>41:75</CU>
		</successors>
		<localVariables>
		</localVariables>
		<globalVariables>
			<global type="double*">t4</global>
		</globalVariables>
		<callsNode>
			<nodeCalled atLine="41:204">41:80</nodeCalled>
		</callsNode>
	</Node>

	<Node id="41:80" type="3" name="fabs" startsAtLine = "262143:16383" endsAtLine = "262143:16383">
		<childrenNodes></childrenNodes>
		<funcArguments>
			<arg type="double"></arg>
		</funcArguments>
	</Node>

	<Node id="41:81" type="0" name="" startsAtLine = "41:211" endsAtLine = "41:211">
		<childrenNodes></childrenNodes>
		<BasicBlockID>for.end117</BasicBlockID>
		<readDataSize>32</readDataSize>
		<writeDataSize>0</writeDataSize>
		<instructionLines count="1">41:211</instructionLines>
		<readPhaseLines count="1">41:211</readPhaseLines>
		<writePhaseLines count="0"></writePhaseLines>
		<successors>
			<CU>41:82</CU>
			<CU>41:84</CU>
		</successors>
		<localVariables>
		</localVariables>
		<globalVariables>
			<global type="i32*">timers_enabled</global>
		</globalVariables>
		<callsNode>
		</callsNode>
	</Node>

	<Node id="41:82" type="0" name="" startsAtLine = "41:211" endsAtLine = "41:211">
		<childrenNodes>41:83</childrenNodes>
		<BasicBlockID>if.then119</BasicBlockID>
		<readDataSize>0</readDataSize>
		<writeDataSize>0</writeDataSize>
		<instructionLines count="1">41:211</instructionLines>
		<readPhaseLines count="0"></readPhaseLines>
		<writePhaseLines count="0"></writePhaseLines>
		<successors>
			<CU>41:84</CU>
		</successors>
		<localVariables>
		</localVariables>
		<globalVariables>
		</globalVariables>
		<callsNode>
			<nodeCalled atLine="41:211">41:83</nodeCalled>
		</callsNode>
	</Node>

	<Node id="41:83" type="3" name="timer_stop" startsAtLine = "262143:16383" endsAtLine = "262143:16383">
		<childrenNodes></childrenNodes>
		<funcArguments>
			<arg type="i32"></arg>
		</funcArguments>
	</Node>

	<Node id="41:84" type="0" name="" startsAtLine = "41:212" endsAtLine = "41:212">
		<childrenNodes></childrenNodes>
		<BasicBlockID>if.end120</BasicBlockID>
		<readDataSize>0</readDataSize>
		<writeDataSize>0</writeDataSize>
		<instructionLines count="1">41:212</instructionLines>
		<readPhaseLines count="0"></readPhaseLines>
		<writePhaseLines count="0"></writePhaseLines>
		<successors>
			<CU>41:85</CU>
		</successors>
		<localVariables>
		</localVariables>
		<globalVariables>
		</globalVariables>
		<callsNode>
		</callsNode>
	</Node>

	<Node id="41:85" type="0" name="" startsAtLine = "41:167" endsAtLine = "41:167">
		<childrenNodes></childrenNodes>
		<BasicBlockID>for.inc121</BasicBlockID>
		<readDataSize>32</readDataSize>
		<writeDataSize>64</writeDataSize>
		<instructionLines count="1">41:167</instructionLines>
		<readPhaseLines count="1">41:167</readPhaseLines>
		<writePhaseLines count="1">41:167</writePhaseLines>
		<successors>
			<CU>41:40</CU>
		</successors>
		<localVariables>
		</localVariables>
		<globalVariables>
			<global type="i32*">k</global>
		</globalVariables>
		<callsNode>
		</callsNode>
	</Node>

	<Node id="41:89" type="0" name="" startsAtLine = "41:214" endsAtLine = "41:214">
		<childrenNodes></childrenNodes>
		<BasicBlockID>for.end123</BasicBlockID>
		<readDataSize>0</readDataSize>
		<writeDataSize>64</writeDataSize>
		<instructionLines count="1">41:214</instructionLines>
		<readPhaseLines count="0"></readPhaseLines>
		<writePhaseLines count="1">41:214</writePhaseLines>
		<successors>
			<CU>41:91</CU>
		</successors>
		<localVariables>
		</localVariables>
		<globalVariables>
			<global type="i32*">i</global>
		</globalVariables>
		<callsNode>
		</callsNode>
	</Node>

	<Node id="41:90" type="2" name="" startsAtLine = "41:214" endsAtLine = "41:216">
		<childrenNodes>41:91,41:92,41:93</childrenNodes>
	</Node>

	<Node id="41:91" type="0" name="" startsAtLine = "41:214" endsAtLine = "41:214">
		<childrenNodes></childrenNodes>
		<BasicBlockID>for.cond124</BasicBlockID>
		<readDataSize>32</readDataSize>
		<writeDataSize>0</writeDataSize>
		<instructionLines count="1">41:214</instructionLines>
		<readPhaseLines count="1">41:214</readPhaseLines>
		<writePhaseLines count="0"></writePhaseLines>
		<successors>
			<CU>41:92</CU>
			<CU>41:94</CU>
		</successors>
		<localVariables>
		</localVariables>
		<globalVariables>
			<global type="i32*">i</global>
		</globalVariables>
		<callsNode>
		</callsNode>
	</Node>

	<Node id="41:92" type="0" name="" startsAtLine = "41:215" endsAtLine = "41:216">
		<childrenNodes></childrenNodes>
		<BasicBlockID>for.body127</BasicBlockID>
		<readDataSize>160</readDataSize>
		<writeDataSize>64</writeDataSize>
		<instructionLines count="2">41:215,41:216</instructionLines>
		<readPhaseLines count="1">41:215</readPhaseLines>
		<writePhaseLines count="1">41:215</writePhaseLines>
		<successors>
			<CU>41:93</CU>
		</successors>
		<localVariables>
		</localVariables>
		<globalVariables>
			<global type="double*">gc</global>
			<global type="i32*">i</global>
			<global type="double*">q</global>
		</globalVariables>
		<callsNode>
		</callsNode>
	</Node>

	<Node id="41:93" type="0" name="" startsAtLine = "41:214" endsAtLine = "41:214">
		<childrenNodes></childrenNodes>
		<BasicBlockID>for.inc131</BasicBlockID>
		<readDataSize>32</readDataSize>
		<writeDataSize>64</writeDataSize>
		<instructionLines count="1">41:214</instructionLines>
		<readPhaseLines count="1">41:214</readPhaseLines>
		<writePhaseLines count="1">41:214</writePhaseLines>
		<successors>
			<CU>41:91</CU>
		</successors>
		<localVariables>
		</localVariables>
		<globalVariables>
			<global type="i32*">i</global>
		</globalVariables>
		<callsNode>
		</callsNode>
	</Node>

	<Node id="41:94" type="0" name="" startsAtLine = "41:218" endsAtLine = "41:225">
		<childrenNodes>41:96,41:97</childrenNodes>
		<BasicBlockID>for.end133</BasicBlockID>
		<readDataSize>32</readDataSize>
		<writeDataSize>320</writeDataSize>
		<instructionLines count="6">41:218,41:219,41:221,41:222,41:224,41:225</instructionLines>
		<readPhaseLines count="0"></readPhaseLines>
		<writePhaseLines count="5">41:219,41:221,41:222,41:224,41:225</writePhaseLines>
		<successors>
			<CU>41:95</CU>
		</successors>
		<localVariables>
		</localVariables>
		<globalVariables>
			<global type="i32*">nit</global>
			<global type="double*">sx_verify_value</global>
			<global type="double*">sy_verify_value</global>
			<global type="double*">tm</global>
			<global type="i32*">verified</global>
		</globalVariables>
		<callsNode>
			<nodeCalled atLine="41:218">41:96</nodeCalled>
			<nodeCalled atLine="41:219">41:97</nodeCalled>
		</callsNode>
	</Node>

	<Node id="41:96" type="3" name="timer_stop" startsAtLine = "262143:16383" endsAtLine = "262143:16383">
		<childrenNodes></childrenNodes>
		<funcArguments>
			<arg type="i32"></arg>
		</funcArguments>
	</Node>

	<Node id="41:97" type="3" name="timer_read" startsAtLine = "262143:16383" endsAtLine = "262143:16383">
		<childrenNodes></childrenNodes>
		<funcArguments>
			<arg type="i32"></arg>
		</funcArguments>
	</Node>

	<Node id="41:95" type="0" name="" startsAtLine = "41:248" endsAtLine = "41:248">
		<childrenNodes></childrenNodes>
		<BasicBlockID>for.end133</BasicBlockID>
		<readDataSize>0</readDataSize>
		<writeDataSize>0</writeDataSize>
		<instructionLines count="1">41:248</instructionLines>
		<readPhaseLines count="1">41:248</readPhaseLines>
		<writePhaseLines count="0"></writePhaseLines>
		<successors>
			<CU>41:98</CU>
			<CU>41:104</CU>
		</successors>
		<localVariables>
		</localVariables>
		<globalVariables>
			<global type="i32*">verified</global>
		</globalVariables>
		<callsNode>
		</callsNode>
	</Node>

	<Node id="41:98" type="0" name="" startsAtLine = "41:249" endsAtLine = "41:250">
		<childrenNodes>41:100,41:101</childrenNodes>
		<BasicBlockID>if.then136</BasicBlockID>
		<readDataSize>448</readDataSize>
		<writeDataSize>128</writeDataSize>
		<instructionLines count="2">41:249,41:250</instructionLines>
		<readPhaseLines count="2">41:249,41:250</readPhaseLines>
		<writePhaseLines count="2">41:249,41:250</writePhaseLines>
		<successors>
			<CU>41:99</CU>
		</successors>
		<localVariables>
		</localVariables>
		<globalVariables>
			<global type="double*">sx</global>
			<global type="double*">sx_err</global>
			<global type="double*">sx_verify_value</global>
			<global type="double*">sy</global>
			<global type="double*">sy_err</global>
			<global type="double*">sy_verify_value</global>
		</globalVariables>
		<callsNode>
			<nodeCalled atLine="41:249">41:100</nodeCalled>
			<nodeCalled atLine="41:250">41:101</nodeCalled>
		</callsNode>
	</Node>

	<Node id="41:100" type="3" name="fabs" startsAtLine = "262143:16383" endsAtLine = "262143:16383">
		<childrenNodes></childrenNodes>
		<funcArguments>
			<arg type="double"></arg>
		</funcArguments>
	</Node>

	<Node id="41:101" type="3" name="fabs" startsAtLine = "262143:16383" endsAtLine = "262143:16383">
		<childrenNodes></childrenNodes>
		<funcArguments>
			<arg type="double"></arg>
		</funcArguments>
	</Node>

	<Node id="41:99" type="0" name="" startsAtLine = "41:251" endsAtLine = "41:251">
		<childrenNodes></childrenNodes>
		<BasicBlockID>if.then136</BasicBlockID>
		<readDataSize>0</readDataSize>
		<writeDataSize>0</writeDataSize>
		<instructionLines count="1">41:251</instructionLines>
		<readPhaseLines count="1">41:251</readPhaseLines>
		<writePhaseLines count="0"></writePhaseLines>
		<successors>
			<CU>41:102</CU>
			<CU>41:103</CU>
		</successors>
		<localVariables>
		</localVariables>
		<globalVariables>
			<global type="double*">sx_err</global>
		</globalVariables>
		<callsNode>
		</callsNode>
	</Node>

	<Node id="41:102" type="0" name="" startsAtLine = "41:251" endsAtLine = "41:251">
		<childrenNodes></childrenNodes>
		<BasicBlockID>land.rhs</BasicBlockID>
		<readDataSize>64</readDataSize>
		<writeDataSize>0</writeDataSize>
		<instructionLines count="1">41:251</instructionLines>
		<readPhaseLines count="1">41:251</readPhaseLines>
		<writePhaseLines count="0"></writePhaseLines>
		<successors>
			<CU>41:103</CU>
		</successors>
		<localVariables>
		</localVariables>
		<globalVariables>
			<global type="double*">sy_err</global>
		</globalVariables>
		<callsNode>
		</callsNode>
	</Node>

	<Node id="41:103" type="0" name="" startsAtLine = "41:251" endsAtLine = "41:252">
		<childrenNodes></childrenNodes>
		<BasicBlockID>land.end</BasicBlockID>
		<readDataSize>0</readDataSize>
		<writeDataSize>64</writeDataSize>
		<instructionLines count="2">41:251,41:252</instructionLines>
		<readPhaseLines count="0"></readPhaseLines>
		<writePhaseLines count="1">41:251</writePhaseLines>
		<successors>
			<CU>41:104</CU>
		</successors>
		<localVariables>
		</localVariables>
		<globalVariables>
			<global type="i32*">verified</global>
		</globalVariables>
		<callsNode>
		</callsNode>
	</Node>

	<Node id="41:104" type="0" name="" startsAtLine = "41:254" endsAtLine = "41:262">
		<childrenNodes>41:105,41:106,41:107,41:108,41:109,41:110,41:111</childrenNodes>
		<BasicBlockID>if.end147</BasicBlockID>
		<readDataSize>320</readDataSize>
		<writeDataSize>128</writeDataSize>
		<instructionLines count="8">41:254,41:256,41:257,41:258,41:259,41:260,41:261,41:262</instructionLines>
		<readPhaseLines count="4">41:254,41:257,41:259,41:260</readPhaseLines>
		<writePhaseLines count="2">41:254,41:262</writePhaseLines>
		<successors>
			<CU>41:113</CU>
		</successors>
		<localVariables>
		</localVariables>
		<globalVariables>
			<global type="double*">Mops</global>
			<global type="double*">gc</global>
			<global type="i32*">i</global>
			<global type="double*">sx</global>
			<global type="double*">sy</global>
			<global type="double*">tm</global>
		</globalVariables>
		<callsNode>
			<nodeCalled atLine="41:254">41:105</nodeCalled>
			<nodeCalled atLine="41:256">41:106</nodeCalled>
			<nodeCalled atLine="41:257">41:107</nodeCalled>
			<nodeCalled atLine="41:258">41:108</nodeCalled>
			<nodeCalled atLine="41:259">41:109</nodeCalled>
			<nodeCalled atLine="41:260">41:110</nodeCalled>
			<nodeCalled atLine="41:261">41:111</nodeCalled>
		</callsNode>
	</Node>

	<Node id="41:105" type="3" name="pow" startsAtLine = "262143:16383" endsAtLine = "262143:16383">
		<childrenNodes></childrenNodes>
		<funcArguments>
			<arg type="double"></arg>
			<arg type="double"></arg>
		</funcArguments>
	</Node>

	<Node id="41:106" type="3" name="printf" startsAtLine = "262143:16383" endsAtLine = "262143:16383">
		<childrenNodes></childrenNodes>
		<funcArguments>
			<arg type="i8*"></arg>
		</funcArguments>
	</Node>

	<Node id="41:107" type="3" name="printf" startsAtLine = "262143:16383" endsAtLine = "262143:16383">
		<childrenNodes></childrenNodes>
		<funcArguments>
			<arg type="i8*"></arg>
		</funcArguments>
	</Node>

	<Node id="41:108" type="3" name="printf" startsAtLine = "262143:16383" endsAtLine = "262143:16383">
		<childrenNodes></childrenNodes>
		<funcArguments>
			<arg type="i8*"></arg>
		</funcArguments>
	</Node>

	<Node id="41:109" type="3" name="printf" startsAtLine = "262143:16383" endsAtLine = "262143:16383">
		<childrenNodes></childrenNodes>
		<funcArguments>
			<arg type="i8*"></arg>
		</funcArguments>
	</Node>

	<Node id="41:110" type="3" name="printf" startsAtLine = "262143:16383" endsAtLine = "262143:16383">
		<childrenNodes></childrenNodes>
		<funcArguments>
			<arg type="i8*"></arg>
		</funcArguments>
	</Node>

	<Node id="41:111" type="3" name="printf" startsAtLine = "262143:16383" endsAtLine = "262143:16383">
		<childrenNodes></childrenNodes>
		<funcArguments>
			<arg type="i8*"></arg>
		</funcArguments>
	</Node>

	<Node id="41:112" type="2" name="" startsAtLine = "41:262" endsAtLine = "41:264">
		<childrenNodes>41:113,41:114,41:116</childrenNodes>
	</Node>

	<Node id="41:113" type="0" name="" startsAtLine = "41:262" endsAtLine = "41:262">
		<childrenNodes></childrenNodes>
		<BasicBlockID>for.cond157</BasicBlockID>
		<readDataSize>32</readDataSize>
		<writeDataSize>0</writeDataSize>
		<instructionLines count="1">41:262</instructionLines>
		<readPhaseLines count="1">41:262</readPhaseLines>
		<writePhaseLines count="0"></writePhaseLines>
		<successors>
			<CU>41:114</CU>
			<CU>41:117</CU>
		</successors>
		<localVariables>
		</localVariables>
		<globalVariables>
			<global type="i32*">i</global>
		</globalVariables>
		<callsNode>
		</callsNode>
	</Node>

	<Node id="41:114" type="0" name="" startsAtLine = "41:263" endsAtLine = "41:264">
		<childrenNodes>41:115</childrenNodes>
		<BasicBlockID>for.body160</BasicBlockID>
		<readDataSize>128</readDataSize>
		<writeDataSize>0</writeDataSize>
		<instructionLines count="2">41:263,41:264</instructionLines>
		<readPhaseLines count="1">41:263</readPhaseLines>
		<writePhaseLines count="0"></writePhaseLines>
		<successors>
			<CU>41:116</CU>
		</successors>
		<localVariables>
		</localVariables>
		<globalVariables>
			<global type="i32*">i</global>
			<global type="double*">q</global>
		</globalVariables>
		<callsNode>
			<nodeCalled atLine="41:263">41:115</nodeCalled>
		</callsNode>
	</Node>

	<Node id="41:115" type="3" name="printf" startsAtLine = "262143:16383" endsAtLine = "262143:16383">
		<childrenNodes></childrenNodes>
		<funcArguments>
			<arg type="i8*"></arg>
		</funcArguments>
	</Node>

	<Node id="41:116" type="0" name="" startsAtLine = "41:262" endsAtLine = "41:262">
		<childrenNodes></childrenNodes>
		<BasicBlockID>for.inc164</BasicBlockID>
		<readDataSize>32</readDataSize>
		<writeDataSize>64</writeDataSize>
		<instructionLines count="1">41:262</instructionLines>
		<readPhaseLines count="1">41:262</readPhaseLines>
		<writePhaseLines count="1">41:262</writePhaseLines>
		<successors>
			<CU>41:113</CU>
		</successors>
		<localVariables>
		</localVariables>
		<globalVariables>
			<global type="i32*">i</global>
		</globalVariables>
		<callsNode>
		</callsNode>
	</Node>

	<Node id="41:117" type="0" name="" startsAtLine = "41:266" endsAtLine = "41:272">
		<childrenNodes>41:118</childrenNodes>
		<BasicBlockID>for.end166</BasicBlockID>
		<readDataSize>224</readDataSize>
		<writeDataSize>0</writeDataSize>
		<instructionLines count="4">41:266,41:267,41:269,41:272</instructionLines>
		<readPhaseLines count="4">41:266,41:267,41:269,41:272</readPhaseLines>
		<writePhaseLines count="0"></writePhaseLines>
		<successors>
			<CU>41:119</CU>
			<CU>41:131</CU>
		</successors>
		<localVariables>
		</localVariables>
		<globalVariables>
			<global type="double*">Mops</global>
			<global type="i32*">nit</global>
			<global type="i32*">timers_enabled</global>
			<global type="double*">tm</global>
			<global type="i32*">verified</global>
		</globalVariables>
		<callsNode>
			<nodeCalled atLine="41:266">41:118</nodeCalled>
		</callsNode>
	</Node>

	<Node id="41:118" type="3" name="print_results" startsAtLine = "262143:16383" endsAtLine = "262143:16383">
		<childrenNodes></childrenNodes>
		<funcArguments>
			<arg type="i8*"></arg>
			<arg type="i8"></arg>
			<arg type="i32"></arg>
			<arg type="i32"></arg>
			<arg type="i32"></arg>
			<arg type="i32"></arg>
			<arg type="double"></arg>
			<arg type="double"></arg>
			<arg type="i8*"></arg>
			<arg type="i32"></arg>
			<arg type="i8*"></arg>
			<arg type="i8*"></arg>
			<arg type="i8*"></arg>
			<arg type="i8*"></arg>
			<arg type="i8*"></arg>
			<arg type="i8*"></arg>
			<arg type="i8*"></arg>
			<arg type="i8*"></arg>
			<arg type="i8*"></arg>
		</funcArguments>
	</Node>

	<Node id="41:119" type="0" name="" startsAtLine = "41:273" endsAtLine = "41:273">
		<childrenNodes></childrenNodes>
		<BasicBlockID>if.then168</BasicBlockID>
		<readDataSize>64</readDataSize>
		<writeDataSize>0</writeDataSize>
		<instructionLines count="1">41:273</instructionLines>
		<readPhaseLines count="1">41:273</readPhaseLines>
		<writePhaseLines count="0"></writePhaseLines>
		<successors>
			<CU>41:120</CU>
			<CU>41:121</CU>
		</successors>
		<localVariables>
		</localVariables>
		<globalVariables>
			<global type="double*">tm</global>
		</globalVariables>
		<callsNode>
		</callsNode>
	</Node>

	<Node id="41:120" type="0" name="" startsAtLine = "41:273" endsAtLine = "41:273">
		<childrenNodes></childrenNodes>
		<BasicBlockID>if.then171</BasicBlockID>
		<readDataSize>0</readDataSize>
		<writeDataSize>64</writeDataSize>
		<instructionLines count="1">41:273</instructionLines>
		<readPhaseLines count="0"></readPhaseLines>
		<writePhaseLines count="1">41:273</writePhaseLines>
		<successors>
			<CU>41:121</CU>
		</successors>
		<localVariables>
		</localVariables>
		<globalVariables>
			<global type="double*">tm</global>
		</globalVariables>
		<callsNode>
		</callsNode>
	</Node>

	<Node id="41:121" type="0" name="" startsAtLine = "41:274" endsAtLine = "41:274">
		<childrenNodes>41:125</childrenNodes>
		<BasicBlockID>if.end172</BasicBlockID>
		<readDataSize>64</readDataSize>
		<writeDataSize>64</writeDataSize>
		<instructionLines count="1">41:274</instructionLines>
		<readPhaseLines count="0"></readPhaseLines>
		<writePhaseLines count="1">41:274</writePhaseLines>
		<successors>
			<CU>41:122</CU>
		</successors>
		<localVariables>
		</localVariables>
		<globalVariables>
			<global type="double*">tt</global>
		</globalVariables>
		<callsNode>
			<nodeCalled atLine="41:274">41:125</nodeCalled>
		</callsNode>
	</Node>

	<Node id="41:125" type="3" name="timer_read" startsAtLine = "262143:16383" endsAtLine = "262143:16383">
		<childrenNodes></childrenNodes>
		<funcArguments>
			<arg type="i32"></arg>
		</funcArguments>
	</Node>

	<Node id="41:122" type="0" name="" startsAtLine = "41:275" endsAtLine = "41:276">
		<childrenNodes>41:126,41:127</childrenNodes>
		<BasicBlockID>if.end172</BasicBlockID>
		<readDataSize>192</readDataSize>
		<writeDataSize>64</writeDataSize>
		<instructionLines count="2">41:275,41:276</instructionLines>
		<readPhaseLines count="1">41:275</readPhaseLines>
		<writePhaseLines count="1">41:276</writePhaseLines>
		<successors>
			<CU>41:123</CU>
		</successors>
		<localVariables>
		</localVariables>
		<globalVariables>
			<global type="double*">tm</global>
			<global type="double*">tt</global>
		</globalVariables>
		<callsNode>
			<nodeCalled atLine="41:275">41:126</nodeCalled>
			<nodeCalled atLine="41:276">41:127</nodeCalled>
		</callsNode>
	</Node>

	<Node id="41:126" type="3" name="printf" startsAtLine = "262143:16383" endsAtLine = "262143:16383">
		<childrenNodes></childrenNodes>
		<funcArguments>
			<arg type="i8*"></arg>
		</funcArguments>
	</Node>

	<Node id="41:127" type="3" name="timer_read" startsAtLine = "262143:16383" endsAtLine = "262143:16383">
		<childrenNodes></childrenNodes>
		<funcArguments>
			<arg type="i32"></arg>
		</funcArguments>
	</Node>

	<Node id="41:123" type="0" name="" startsAtLine = "41:277" endsAtLine = "41:278">
		<childrenNodes>41:128,41:129</childrenNodes>
		<BasicBlockID>if.end172</BasicBlockID>
		<readDataSize>192</readDataSize>
		<writeDataSize>64</writeDataSize>
		<instructionLines count="2">41:277,41:278</instructionLines>
		<readPhaseLines count="1">41:277</readPhaseLines>
		<writePhaseLines count="1">41:278</writePhaseLines>
		<successors>
			<CU>41:124</CU>
		</successors>
		<localVariables>
		</localVariables>
		<globalVariables>
			<global type="double*">tm</global>
			<global type="double*">tt</global>
		</globalVariables>
		<callsNode>
			<nodeCalled atLine="41:277">41:128</nodeCalled>
			<nodeCalled atLine="41:278">41:129</nodeCalled>
		</callsNode>
	</Node>

	<Node id="41:128" type="3" name="printf" startsAtLine = "262143:16383" endsAtLine = "262143:16383">
		<childrenNodes></childrenNodes>
		<funcArguments>
			<arg type="i8*"></arg>
		</funcArguments>
	</Node>

	<Node id="41:129" type="3" name="timer_read" startsAtLine = "262143:16383" endsAtLine = "262143:16383">
		<childrenNodes></childrenNodes>
		<funcArguments>
			<arg type="i32"></arg>
		</funcArguments>
	</Node>

	<Node id="41:124" type="0" name="" startsAtLine = "41:279" endsAtLine = "41:280">
		<childrenNodes>41:130</childrenNodes>
		<BasicBlockID>if.end172</BasicBlockID>
		<readDataSize>128</readDataSize>
		<writeDataSize>0</writeDataSize>
		<instructionLines count="2">41:279,41:280</instructionLines>
		<readPhaseLines count="1">41:279</readPhaseLines>
		<writePhaseLines count="0"></writePhaseLines>
		<successors>
			<CU>41:131</CU>
		</successors>
		<localVariables>
		</localVariables>
		<globalVariables>
			<global type="double*">tm</global>
			<global type="double*">tt</global>
		</globalVariables>
		<callsNode>
			<nodeCalled atLine="41:279">41:130</nodeCalled>
		</callsNode>
	</Node>

	<Node id="41:130" type="3" name="printf" startsAtLine = "262143:16383" endsAtLine = "262143:16383">
		<childrenNodes></childrenNodes>
		<funcArguments>
			<arg type="i8*"></arg>
		</funcArguments>
	</Node>

	<Node id="41:131" type="0" name="" startsAtLine = "41:282" endsAtLine = "41:282">
		<childrenNodes></childrenNodes>
		<BasicBlockID>if.end185</BasicBlockID>
		<readDataSize>0</readDataSize>
		<writeDataSize>0</writeDataSize>
		<instructionLines count="1">41:282</instructionLines>
		<readPhaseLines count="0"></readPhaseLines>
		<writePhaseLines count="0"></writePhaseLines>
		<successors>
		</successors>
		<localVariables>
		</localVariables>
		<globalVariables>
		</globalVariables>
		<callsNode>
		</callsNode>
	</Node>

	<Node id="41:132" type="0" name="" startsAtLine = "41:89" endsAtLine = "41:90">
		<childrenNodes>41:133</childrenNodes>
		<BasicBlockID>if.else</BasicBlockID>
		<readDataSize>64</readDataSize>
		<writeDataSize>64</writeDataSize>
		<instructionLines count="2">41:89,41:90</instructionLines>
		<readPhaseLines count="1">41:90</readPhaseLines>
		<writePhaseLines count="1">41:89</writePhaseLines>
		<successors>
			<CU>41:5</CU>
		</successors>
		<localVariables>
		</localVariables>
		<globalVariables>
			<global type="%struct._IO_FILE**">fp</global>
			<global type="i32*">timers_enabled</global>
		</globalVariables>
		<callsNode>
			<nodeCalled atLine="41:90">41:133</nodeCalled>
		</callsNode>
	</Node>

	<Node id="41:133" type="3" name="fclose" startsAtLine = "262143:16383" endsAtLine = "262143:16383">
		<childrenNodes></childrenNodes>
		<funcArguments>
			<arg type="%struct._IO_FILE*"></arg>
		</funcArguments>
	</Node>

</Nodes>


<Nodes>

	<Node id="22:0" type="1" name="print_results" startsAtLine = "22:6" endsAtLine = "22:65">
		<childrenNodes>22:1,22:2,22:5,22:6,22:7,22:8,22:9,22:12,22:13,22:15,22:16,22:21,22:23,22:34,22:36,22:38</childrenNodes>
		<funcArguments>
			<arg type="i8*">name</arg>
			<arg type="i8">class</arg>
			<arg type="i32">n1</arg>
			<arg type="i32">n2</arg>
			<arg type="i32">n3</arg>
			<arg type="i32">niter</arg>
			<arg type="double">t</arg>
			<arg type="double">mops</arg>
			<arg type="i8*">optype</arg>
			<arg type="i32">verified</arg>
			<arg type="i8*">npbversion</arg>
			<arg type="i8*">compiletime</arg>
			<arg type="i8*">cs1</arg>
			<arg type="i8*">cs2</arg>
			<arg type="i8*">cs3</arg>
			<arg type="i8*">cs4</arg>
			<arg type="i8*">cs5</arg>
			<arg type="i8*">cs6</arg>
			<arg type="i8*">cs7</arg>
		</funcArguments>
	</Node>

	<Node id="22:1" type="0" name="" startsAtLine = "22:6" endsAtLine = "22:12">
		<childrenNodes></childrenNodes>
		<BasicBlockID>entry</BasicBlockID>
		<readDataSize>64</readDataSize>
		<writeDataSize>1216</writeDataSize>
		<instructionLines count="6">22:6,22:7,22:8,22:9,22:11,22:12</instructionLines>
		<readPhaseLines count="0"></readPhaseLines>
		<writePhaseLines count="0"></writePhaseLines>
		<successors>
			<CU>22:2</CU>
		</successors>
		<localVariables>
		</localVariables>
		<globalVariables>
		</globalVariables>
		<callsNode>
		</callsNode>
	</Node>

	<Node id="22:2" type="0" name="" startsAtLine = "22:14" endsAtLine = "22:22">
		<childrenNodes>22:3,22:4</childrenNodes>
		<BasicBlockID>entry</BasicBlockID>
		<readDataSize>40</readDataSize>
		<writeDataSize>0</writeDataSize>
		<instructionLines count="3">22:14,22:15,22:22</instructionLines>
		<readPhaseLines count="2">22:14,22:22</readPhaseLines>
		<writePhaseLines count="0"></writePhaseLines>
		<successors>
			<CU>22:5</CU>
			<CU>22:38</CU>
		</successors>
		<localVariables>
			<local type="i8*">class.addr</local>
		</localVariables>
		<globalVariables>
			<global type="i32*">n2.addr</global>
			<global type="i8**">name.addr</global>
		</globalVariables>
		<callsNode>
			<nodeCalled atLine="22:14">22:3</nodeCalled>
			<nodeCalled atLine="22:15">22:4</nodeCalled>
		</callsNode>
	</Node>

	<Node id="22:3" type="3" name="printf" startsAtLine = "262143:16383" endsAtLine = "262143:16383">
		<childrenNodes></childrenNodes>
		<funcArguments>
			<arg type="i8*"></arg>
		</funcArguments>
	</Node>

	<Node id="22:4" type="3" name="printf" startsAtLine = "262143:16383" endsAtLine = "262143:16383">
		<childrenNodes></childrenNodes>
		<funcArguments>
			<arg type="i8*"></arg>
		</funcArguments>
	</Node>

	<Node id="22:5" type="0" name="" startsAtLine = "22:22" endsAtLine = "22:22">
		<childrenNodes></childrenNodes>
		<BasicBlockID>land.lhs.true</BasicBlockID>
		<readDataSize>32</readDataSize>
		<writeDataSize>0</writeDataSize>
		<instructionLines count="1">22:22</instructionLines>
		<readPhaseLines count="1">22:22</readPhaseLines>
		<writePhaseLines count="0"></writePhaseLines>
		<successors>
			<CU>22:6</CU>
			<CU>22:38</CU>
		</successors>
		<localVariables>
		</localVariables>
		<globalVariables>
			<global type="i32*">n3.addr</global>
		</globalVariables>
		<callsNode>
		</callsNode>
	</Node>

	<Node id="22:6" type="0" name="" startsAtLine = "22:23" endsAtLine = "22:23">
		<childrenNodes></childrenNodes>
		<BasicBlockID>if.then</BasicBlockID>
		<readDataSize>72</readDataSize>
		<writeDataSize>0</writeDataSize>
		<instructionLines count="1">22:23</instructionLines>
		<readPhaseLines count="1">22:23</readPhaseLines>
		<writePhaseLines count="0"></writePhaseLines>
		<successors>
			<CU>22:7</CU>
			<CU>22:36</CU>
		</successors>
		<localVariables>
		</localVariables>
		<globalVariables>
			<global type="i8**">name.addr</global>
		</globalVariables>
		<callsNode>
		</callsNode>
	</Node>

	<Node id="22:7" type="0" name="" startsAtLine = "22:23" endsAtLine = "22:23">
		<childrenNodes></childrenNodes>
		<BasicBlockID>land.lhs.true8</BasicBlockID>
		<readDataSize>72</readDataSize>
		<writeDataSize>0</writeDataSize>
		<instructionLines count="1">22:23</instructionLines>
		<readPhaseLines count="1">22:23</readPhaseLines>
		<writePhaseLines count="0"></writePhaseLines>
		<successors>
			<CU>22:8</CU>
			<CU>22:36</CU>
		</successors>
		<localVariables>
		</localVariables>
		<globalVariables>
			<global type="i8**">name.addr</global>
		</globalVariables>
		<callsNode>
		</callsNode>
	</Node>

	<Node id="22:8" type="0" name="" startsAtLine = "22:24" endsAtLine = "22:25">
		<childrenNodes>22:10,22:11</childrenNodes>
		<BasicBlockID>if.then13</BasicBlockID>
		<readDataSize>64</readDataSize>
		<writeDataSize>64</writeDataSize>
		<instructionLines count="2">22:24,22:25</instructionLines>
		<readPhaseLines count="1">22:24</readPhaseLines>
		<writePhaseLines count="1">22:25</writePhaseLines>
		<successors>
			<CU>22:9</CU>
		</successors>
		<localVariables>
		</localVariables>
		<globalVariables>
			<global type="i32*">j</global>
			<global type="i32*">n1.addr</global>
		</globalVariables>
		<callsNode>
			<nodeCalled atLine="22:24">22:10</nodeCalled>
			<nodeCalled atLine="22:24">22:11</nodeCalled>
		</callsNode>
	</Node>

	<Node id="22:10" type="3" name="pow" startsAtLine = "262143:16383" endsAtLine = "262143:16383">
		<childrenNodes></childrenNodes>
		<funcArguments>
			<arg type="double"></arg>
			<arg type="double"></arg>
		</funcArguments>
	</Node>

	<Node id="22:11" type="3" name="sprintf" startsAtLine = "262143:16383" endsAtLine = "262143:16383">
		<childrenNodes></childrenNodes>
		<funcArguments>
			<arg type="i8*"></arg>
			<arg type="i8*"></arg>
		</funcArguments>
	</Node>

	<Node id="22:9" type="0" name="" startsAtLine = "22:26" endsAtLine = "22:26">
		<childrenNodes></childrenNodes>
		<BasicBlockID>if.then13</BasicBlockID>
		<readDataSize>8</readDataSize>
		<writeDataSize>0</writeDataSize>
		<instructionLines count="1">22:26</instructionLines>
		<readPhaseLines count="1">22:26</readPhaseLines>
		<writePhaseLines count="0"></writePhaseLines>
		<successors>
			<CU>22:12</CU>
			<CU>22:13</CU>
		</successors>
		<localVariables>
		</localVariables>
		<globalVariables>
			<global type="i32*">j</global>
			<global type="i8*">size</global>
		</globalVariables>
		<callsNode>
		</callsNode>
	</Node>

	<Node id="22:12" type="0" name="" startsAtLine = "22:27" endsAtLine = "22:29">
		<childrenNodes></childrenNodes>
		<BasicBlockID>if.then21</BasicBlockID>
		<readDataSize>64</readDataSize>
		<writeDataSize>128</writeDataSize>
		<instructionLines count="3">22:27,22:28,22:29</instructionLines>
		<readPhaseLines count="2">22:27,22:28</readPhaseLines>
		<writePhaseLines count="2">22:27,22:28</writePhaseLines>
		<successors>
			<CU>22:13</CU>
		</successors>
		<localVariables>
		</localVariables>
		<globalVariables>
			<global type="i32*">j</global>
			<global type="i8*">size</global>
		</globalVariables>
		<callsNode>
		</callsNode>
	</Node>

	<Node id="22:13" type="0" name="" startsAtLine = "22:30" endsAtLine = "22:32">
		<childrenNodes>22:14</childrenNodes>
		<BasicBlockID>if.end</BasicBlockID>
		<readDataSize>32</readDataSize>
		<writeDataSize>64</writeDataSize>
		<instructionLines count="3">22:30,22:31,22:32</instructionLines>
		<readPhaseLines count="1">22:30</readPhaseLines>
		<writePhaseLines count="1">22:30</writePhaseLines>
		<successors>
			<CU>22:15</CU>
		</successors>
		<localVariables>
		</localVariables>
		<globalVariables>
			<global type="i32*">j</global>
			<global type="i8*">size</global>
		</globalVariables>
		<callsNode>
			<nodeCalled atLine="22:31">22:14</nodeCalled>
		</callsNode>
	</Node>

	<Node id="22:14" type="3" name="printf" startsAtLine = "262143:16383" endsAtLine = "262143:16383">
		<childrenNodes></childrenNodes>
		<funcArguments>
			<arg type="i8*"></arg>
		</funcArguments>
	</Node>

	<Node id="22:15" type="0" name="" startsAtLine = "22:35" endsAtLine = "22:35">
		<childrenNodes></childrenNodes>
		<BasicBlockID>if.end29</BasicBlockID>
		<readDataSize>0</readDataSize>
		<writeDataSize>0</writeDataSize>
		<instructionLines count="1">22:35</instructionLines>
		<readPhaseLines count="0"></readPhaseLines>
		<writePhaseLines count="0"></writePhaseLines>
		<successors>
			<CU>22:16</CU>
		</successors>
		<localVariables>
		</localVariables>
		<globalVariables>
		</globalVariables>
		<callsNode>
		</callsNode>
	</Node>

	<Node id="22:16" type="0" name="" startsAtLine = "22:39" endsAtLine = "22:43">
		<childrenNodes>22:17,22:18,22:19,22:20</childrenNodes>
		<BasicBlockID>if.end32</BasicBlockID>
		<readDataSize>256</readDataSize>
		<writeDataSize>0</writeDataSize>
		<instructionLines count="5">22:39,22:40,22:41,22:42,22:43</instructionLines>
		<readPhaseLines count="5">22:39,22:40,22:41,22:42,22:43</readPhaseLines>
		<writePhaseLines count="0"></writePhaseLines>
		<successors>
			<CU>22:21</CU>
			<CU>22:34</CU>
		</successors>
		<localVariables>
		</localVariables>
		<globalVariables>
			<global type="double*">mops.addr</global>
			<global type="i32*">niter.addr</global>
			<global type="i8**">optype.addr</global>
			<global type="double*">t.addr</global>
			<global type="i32*">verified.addr</global>
		</globalVariables>
		<callsNode>
			<nodeCalled atLine="22:39">22:17</nodeCalled>
			<nodeCalled atLine="22:40">22:18</nodeCalled>
			<nodeCalled atLine="22:41">22:19</nodeCalled>
			<nodeCalled atLine="22:42">22:20</nodeCalled>
		</callsNode>
	</Node>

	<Node id="22:17" type="3" name="printf" startsAtLine = "262143:16383" endsAtLine = "262143:16383">
		<childrenNodes></childrenNodes>
		<funcArguments>
			<arg type="i8*"></arg>
		</funcArguments>
	</Node>

	<Node id="22:18" type="3" name="printf" startsAtLine = "262143:16383" endsAtLine = "262143:16383">
		<childrenNodes></childrenNodes>
		<funcArguments>
			<arg type="i8*"></arg>
		</funcArguments>
	</Node>

	<Node id="22:19" type="3" name="printf" startsAtLine = "262143:16383" endsAtLine = "262143:16383">
		<childrenNodes></childrenNodes>
		<funcArguments>
			<arg type="i8*"></arg>
		</funcArguments>
	</Node>

	<Node id="22:20" type="3" name="printf" startsAtLine = "262143:16383" endsAtLine = "262143:16383">
		<childrenNodes></childrenNodes>
		<funcArguments>
			<arg type="i8*"></arg>
		</funcArguments>
	</Node>

	<Node id="22:21" type="0" name="" startsAtLine = "22:44" endsAtLine = "22:44">
		<childrenNodes>22:22</childrenNodes>
		<BasicBlockID>if.then37</BasicBlockID>
		<readDataSize>0</readDataSize>
		<writeDataSize>0</writeDataSize>
		<instructionLines count="1">22:44</instructionLines>
		<readPhaseLines count="0"></readPhaseLines>
		<writePhaseLines count="0"></writePhaseLines>
		<successors>
			<CU>22:23</CU>
		</successors>
		<localVariables>
		</localVariables>
		<globalVariables>
		</globalVariables>
		<callsNode>
			<nodeCalled atLine="22:44">22:22</nodeCalled>
		</callsNode>
	</Node>

	<Node id="22:22" type="3" name="printf" startsAtLine = "262143:16383" endsAtLine = "262143:16383">
		<childrenNodes></childrenNodes>
		<funcArguments>
			<arg type="i8*"></arg>
		</funcArguments>
	</Node>

	<Node id="22:23" type="0" name="" startsAtLine = "22:47" endsAtLine = "22:65">
		<childrenNodes>22:24,22:25,22:26,22:27,22:28,22:29,22:30,22:31,22:32,22:33</childrenNodes>
		<BasicBlockID>if.end41</BasicBlockID>
		<readDataSize>576</readDataSize>
		<writeDataSize>0</writeDataSize>
		<instructionLines count="12">22:47,22:48,22:50,22:51,22:52,22:53,22:54,22:55,22:56,22:57,22:59,22:65</instructionLines>
		<readPhaseLines count="9">22:47,22:48,22:51,22:52,22:53,22:54,22:55,22:56,22:57</readPhaseLines>
		<writePhaseLines count="0"></writePhaseLines>
		<successors>
		</successors>
		<localVariables>
		</localVariables>
		<globalVariables>
			<global type="i8**">compiletime.addr</global>
			<global type="i8**">cs1.addr</global>
			<global type="i8**">cs2.addr</global>
			<global type="i8**">cs3.addr</global>
			<global type="i8**">cs4.addr</global>
			<global type="i8**">cs5.addr</global>
			<global type="i8**">cs6.addr</global>
			<global type="i8**">cs7.addr</global>
			<global type="i8**">npbversion.addr</global>
		</globalVariables>
		<callsNode>
			<nodeCalled atLine="22:47">22:24</nodeCalled>
			<nodeCalled atLine="22:48">22:25</nodeCalled>
			<nodeCalled atLine="22:50">22:26</nodeCalled>
			<nodeCalled atLine="22:52">22:27</nodeCalled>
			<nodeCalled atLine="22:53">22:28</nodeCalled>
			<nodeCalled atLine="22:54">22:29</nodeCalled>
			<nodeCalled atLine="22:55">22:30</nodeCalled>
			<nodeCalled atLine="22:56">22:31</nodeCalled>
			<nodeCalled atLine="22:57">22:32</nodeCalled>
			<nodeCalled atLine="22:59">22:33</nodeCalled>
		</callsNode>
	</Node>

	<Node id="22:24" type="3" name="printf" startsAtLine = "262143:16383" endsAtLine = "262143:16383">
		<childrenNodes></childrenNodes>
		<funcArguments>
			<arg type="i8*"></arg>
		</funcArguments>
	</Node>

	<Node id="22:25" type="3" name="printf" startsAtLine = "262143:16383" endsAtLine = "262143:16383">
		<childrenNodes></childrenNodes>
		<funcArguments>
			<arg type="i8*"></arg>
		</funcArguments>
	</Node>

	<Node id="22:26" type="3" name="printf" startsAtLine = "262143:16383" endsAtLine = "262143:16383">
		<childrenNodes></childrenNodes>
		<funcArguments>
			<arg type="i8*"></arg>
		</funcArguments>
	</Node>

	<Node id="22:27" type="3" name="printf" startsAtLine = "262143:16383" endsAtLine = "262143:16383">
		<childrenNodes></childrenNodes>
		<funcArguments>
			<arg type="i8*"></arg>
		</funcArguments>
	</Node>

	<Node id="22:28" type="3" name="printf" startsAtLine = "262143:16383" endsAtLine = "262143:16383">
		<childrenNodes></childrenNodes>
		<funcArguments>
			<arg type="i8*"></arg>
		</funcArguments>
	</Node>

	<Node id="22:29" type="3" name="printf" startsAtLine = "262143:16383" endsAtLine = "262143:16383">
		<childrenNodes></childrenNodes>
		<funcArguments>
			<arg type="i8*"></arg>
		</funcArguments>
	</Node>

	<Node id="22:30" type="3" name="printf" startsAtLine = "262143:16383" endsAtLine = "262143:16383">
		<childrenNodes></childrenNodes>
		<funcArguments>
			<arg type="i8*"></arg>
		</funcArguments>
	</Node>

	<Node id="22:31" type="3" name="printf" startsAtLine = "262143:16383" endsAtLine = "262143:16383">
		<childrenNodes></childrenNodes>
		<funcArguments>
			<arg type="i8*"></arg>
		</funcArguments>
	</Node>

	<Node id="22:32" type="3" name="printf" startsAtLine = "262143:16383" endsAtLine = "262143:16383">
		<childrenNodes></childrenNodes>
		<funcArguments>
			<arg type="i8*"></arg>
		</funcArguments>
	</Node>

	<Node id="22:33" type="3" name="printf" startsAtLine = "262143:16383" endsAtLine = "262143:16383">
		<childrenNodes></childrenNodes>
		<funcArguments>
			<arg type="i8*"></arg>
		</funcArguments>
	</Node>

	<Node id="22:34" type="0" name="" startsAtLine = "22:46" endsAtLine = "22:46">
		<childrenNodes>22:35</childrenNodes>
		<BasicBlockID>if.else39</BasicBlockID>
		<readDataSize>0</readDataSize>
		<writeDataSize>0</writeDataSize>
		<instructionLines count="1">22:46</instructionLines>
		<readPhaseLines count="0"></readPhaseLines>
		<writePhaseLines count="0"></writePhaseLines>
		<successors>
			<CU>22:23</CU>
		</successors>
		<localVariables>
		</localVariables>
		<globalVariables>
		</globalVariables>
		<callsNode>
			<nodeCalled atLine="22:46">22:35</nodeCalled>
		</callsNode>
	</Node>

	<Node id="22:35" type="3" name="printf" startsAtLine = "262143:16383" endsAtLine = "262143:16383">
		<childrenNodes></childrenNodes>
		<funcArguments>
			<arg type="i8*"></arg>
		</funcArguments>
	</Node>

	<Node id="22:36" type="0" name="" startsAtLine = "22:33" endsAtLine = "22:33">
		<childrenNodes>22:37</childrenNodes>
		<BasicBlockID>if.else</BasicBlockID>
		<readDataSize>32</readDataSize>
		<writeDataSize>0</writeDataSize>
		<instructionLines count="1">22:33</instructionLines>
		<readPhaseLines count="1">22:33</readPhaseLines>
		<writePhaseLines count="0"></writePhaseLines>
		<successors>
			<CU>22:15</CU>
		</successors>
		<localVariables>
		</localVariables>
		<globalVariables>
			<global type="i32*">n1.addr</global>
		</globalVariables>
		<callsNode>
			<nodeCalled atLine="22:33">22:37</nodeCalled>
		</callsNode>
	</Node>

	<Node id="22:37" type="3" name="printf" startsAtLine = "262143:16383" endsAtLine = "262143:16383">
		<childrenNodes></childrenNodes>
		<funcArguments>
			<arg type="i8*"></arg>
		</funcArguments>
	</Node>

	<Node id="22:38" type="0" name="" startsAtLine = "22:36" endsAtLine = "22:36">
		<childrenNodes>22:39</childrenNodes>
		<BasicBlockID>if.else30</BasicBlockID>
		<readDataSize>96</readDataSize>
		<writeDataSize>0</writeDataSize>
		<instructionLines count="1">22:36</instructionLines>
		<readPhaseLines count="1">22:36</readPhaseLines>
		<writePhaseLines count="0"></writePhaseLines>
		<successors>
			<CU>22:16</CU>
		</successors>
		<localVariables>
		</localVariables>
		<globalVariables>
			<global type="i32*">n1.addr</global>
			<global type="i32*">n2.addr</global>
			<global type="i32*">n3.addr</global>
		</globalVariables>
		<callsNode>
			<nodeCalled atLine="22:36">22:39</nodeCalled>
		</callsNode>
	</Node>

	<Node id="22:39" type="3" name="printf" startsAtLine = "262143:16383" endsAtLine = "262143:16383">
		<childrenNodes></childrenNodes>
		<funcArguments>
			<arg type="i8*"></arg>
		</funcArguments>
	</Node>

</Nodes>


<Nodes>

	<Node id="24:40" type="1" name="randlc" startsAtLine = "24:4" endsAtLine = "24:67">
		<childrenNodes>24:41</childrenNodes>
		<funcArguments>
			<arg type="double*">x</arg>
			<arg type="double">a</arg>
		</funcArguments>
	</Node>

	<Node id="24:41" type="0" name="" startsAtLine = "24:4" endsAtLine = "24:67">
		<childrenNodes></childrenNodes>
		<BasicBlockID>entry</BasicBlockID>
		<readDataSize>1728</readDataSize>
		<writeDataSize>1216</writeDataSize>
		<instructionLines count="21">24:4,24:36,24:37,24:38,24:39,24:41,24:42,24:47,24:48,24:49,24:56,24:57,24:58,24:59,24:60,24:61,24:62,24:63,24:64,24:65,24:67</instructionLines>
		<readPhaseLines count="0"></readPhaseLines>
		<writePhaseLines count="0"></writePhaseLines>
		<successors>
		</successors>
		<localVariables>
			<local type="double*">a.addr</local>
			<local type="double*">a1</local>
			<local type="double*">a2</local>
			<local type="double*">r</local>
			<local type="double*">r23</local>
			<local type="double*">r46</local>
			<local type="double*">t1</local>
			<local type="double*">t2</local>
			<local type="double*">t23</local>
			<local type="double*">t3</local>
			<local type="double*">t4</local>
			<local type="double*">t46</local>
			<local type="double**">x.addr</local>
			<local type="double*">x1</local>
			<local type="double*">x2</local>
			<local type="double*">z</local>
		</localVariables>
		<globalVariables>
		</globalVariables>
		<callsNode>
		</callsNode>
	</Node>

</Nodes>


<Nodes>

	<Node id="24:42" type="1" name="vranlc" startsAtLine = "24:71" endsAtLine = "24:140">
		<childrenNodes>24:43,24:44,24:45,24:46,24:53</childrenNodes>
		<funcArguments>
			<arg type="i32">n</arg>
			<arg type="double*">x</arg>
			<arg type="double">a</arg>
			<arg type="double*">y</arg>
		</funcArguments>
	</Node>

	<Node id="24:43" type="0" name="" startsAtLine = "24:71" endsAtLine = "24:115">
		<childrenNodes></childrenNodes>
		<BasicBlockID>entry</BasicBlockID>
		<readDataSize>128</readDataSize>
		<writeDataSize>576</writeDataSize>
		<instructionLines count="8">24:71,24:103,24:104,24:105,24:106,24:108,24:110,24:115</instructionLines>
		<readPhaseLines count="0"></readPhaseLines>
		<writePhaseLines count="1">24:115</writePhaseLines>
		<successors>
			<CU>24:44</CU>
		</successors>
		<localVariables>
			<local type="double*">a.addr</local>
			<local type="double*">r23</local>
			<local type="double*">r46</local>
			<local type="double*">t23</local>
			<local type="double*">t46</local>
		</localVariables>
		<globalVariables>
			<global type="double*">t1</global>
		</globalVariables>
		<callsNode>
		</callsNode>
	</Node>

	<Node id="24:44" type="0" name="" startsAtLine = "24:116" endsAtLine = "24:116">
		<childrenNodes></childrenNodes>
		<BasicBlockID>entry</BasicBlockID>
		<readDataSize>128</readDataSize>
		<writeDataSize>64</writeDataSize>
		<instructionLines count="1">24:116</instructionLines>
		<readPhaseLines count="1">24:116</readPhaseLines>
		<writePhaseLines count="1">24:116</writePhaseLines>
		<successors>
			<CU>24:45</CU>
		</successors>
		<localVariables>
		</localVariables>
		<globalVariables>
			<global type="double*">a1</global>
			<global type="double*">t1</global>
		</globalVariables>
		<callsNode>
		</callsNode>
	</Node>

	<Node id="24:45" type="0" name="" startsAtLine = "24:117" endsAtLine = "24:122">
		<childrenNodes></childrenNodes>
		<BasicBlockID>entry</BasicBlockID>
		<readDataSize>0</readDataSize>
		<writeDataSize>128</writeDataSize>
		<instructionLines count="2">24:117,24:122</instructionLines>
		<readPhaseLines count="1">24:117</readPhaseLines>
		<writePhaseLines count="2">24:117,24:122</writePhaseLines>
		<successors>
			<CU>24:47</CU>
		</successors>
		<localVariables>
			<local type="double*">a.addr</local>
		</localVariables>
		<globalVariables>
			<global type="double*">a1</global>
			<global type="double*">a2</global>
			<global type="i32*">i</global>
		</globalVariables>
		<callsNode>
		</callsNode>
	</Node>

	<Node id="24:46" type="2" name="" startsAtLine = "24:122" endsAtLine = "24:138">
		<childrenNodes>24:47,24:48,24:49,24:50,24:51,24:52</childrenNodes>
	</Node>

	<Node id="24:47" type="0" name="" startsAtLine = "24:122" endsAtLine = "24:122">
		<childrenNodes></childrenNodes>
		<BasicBlockID>for.cond</BasicBlockID>
		<readDataSize>64</readDataSize>
		<writeDataSize>0</writeDataSize>
		<instructionLines count="1">24:122</instructionLines>
		<readPhaseLines count="1">24:122</readPhaseLines>
		<writePhaseLines count="0"></writePhaseLines>
		<successors>
			<CU>24:48</CU>
			<CU>24:53</CU>
		</successors>
		<localVariables>
		</localVariables>
		<globalVariables>
			<global type="i32*">i</global>
			<global type="i32*">n.addr</global>
		</globalVariables>
		<callsNode>
		</callsNode>
	</Node>

	<Node id="24:48" type="0" name="" startsAtLine = "24:128" endsAtLine = "24:128">
		<childrenNodes></childrenNodes>
		<BasicBlockID>for.body</BasicBlockID>
		<readDataSize>192</readDataSize>
		<writeDataSize>64</writeDataSize>
		<instructionLines count="1">24:128</instructionLines>
		<readPhaseLines count="1">24:128</readPhaseLines>
		<writePhaseLines count="1">24:128</writePhaseLines>
		<successors>
			<CU>24:49</CU>
		</successors>
		<localVariables>
		</localVariables>
		<globalVariables>
			<global type="double*">t1</global>
			<global type="double**">x.addr</global>
		</globalVariables>
		<callsNode>
		</callsNode>
	</Node>

	<Node id="24:49" type="0" name="" startsAtLine = "24:129" endsAtLine = "24:131">
		<childrenNodes></childrenNodes>
		<BasicBlockID>for.body</BasicBlockID>
		<readDataSize>512</readDataSize>
		<writeDataSize>192</writeDataSize>
		<instructionLines count="3">24:129,24:130,24:131</instructionLines>
		<readPhaseLines count="3">24:129,24:130,24:131</readPhaseLines>
		<writePhaseLines count="1">24:131</writePhaseLines>
		<successors>
			<CU>24:50</CU>
		</successors>
		<localVariables>
			<local type="double*">x1</local>
			<local type="double*">x2</local>
		</localVariables>
		<globalVariables>
			<global type="double*">a1</global>
			<global type="double*">a2</global>
			<global type="double*">t1</global>
			<global type="double**">x.addr</global>
		</globalVariables>
		<callsNode>
		</callsNode>
	</Node>

	<Node id="24:50" type="0" name="" startsAtLine = "24:132" endsAtLine = "24:136">
		<childrenNodes></childrenNodes>
		<BasicBlockID>for.body</BasicBlockID>
		<readDataSize>640</readDataSize>
		<writeDataSize>320</writeDataSize>
		<instructionLines count="5">24:132,24:133,24:134,24:135,24:136</instructionLines>
		<readPhaseLines count="4">24:132,24:133,24:134,24:136</readPhaseLines>
		<writePhaseLines count="1">24:136</writePhaseLines>
		<successors>
			<CU>24:51</CU>
		</successors>
		<localVariables>
			<local type="double*">t2</local>
			<local type="double*">t3</local>
			<local type="double*">t4</local>
			<local type="double*">x2</local>
			<local type="double*">z</local>
		</localVariables>
		<globalVariables>
			<global type="double*">a2</global>
			<global type="double*">t1</global>
			<global type="double**">x.addr</global>
		</globalVariables>
		<callsNode>
		</callsNode>
	</Node>

	<Node id="24:51" type="0" name="" startsAtLine = "24:137" endsAtLine = "24:138">
		<childrenNodes></childrenNodes>
		<BasicBlockID>for.body</BasicBlockID>
		<readDataSize>160</readDataSize>
		<writeDataSize>64</writeDataSize>
		<instructionLines count="2">24:137,24:138</instructionLines>
		<readPhaseLines count="1">24:137</readPhaseLines>
		<writePhaseLines count="1">24:137</writePhaseLines>
		<successors>
			<CU>24:52</CU>
		</successors>
		<localVariables>
		</localVariables>
		<globalVariables>
			<global type="i32*">i</global>
			<global type="double**">x.addr</global>
			<global type="double**">y.addr</global>
		</globalVariables>
		<callsNode>
		</callsNode>
	</Node>

	<Node id="24:52" type="0" name="" startsAtLine = "24:122" endsAtLine = "24:122">
		<childrenNodes></childrenNodes>
		<BasicBlockID>for.inc</BasicBlockID>
		<readDataSize>32</readDataSize>
		<writeDataSize>64</writeDataSize>
		<instructionLines count="1">24:122</instructionLines>
		<readPhaseLines count="1">24:122</readPhaseLines>
		<writePhaseLines count="1">24:122</writePhaseLines>
		<successors>
			<CU>24:47</CU>
		</successors>
		<localVariables>
		</localVariables>
		<globalVariables>
			<global type="i32*">i</global>
		</globalVariables>
		<callsNode>
		</callsNode>
	</Node>

	<Node id="24:53" type="0" name="" startsAtLine = "24:140" endsAtLine = "24:140">
		<childrenNodes></childrenNodes>
		<BasicBlockID>for.end</BasicBlockID>
		<readDataSize>0</readDataSize>
		<writeDataSize>0</writeDataSize>
		<instructionLines count="1">24:140</instructionLines>
		<readPhaseLines count="0"></readPhaseLines>
		<writePhaseLines count="0"></writePhaseLines>
		<successors>
		</successors>
		<localVariables>
		</localVariables>
		<globalVariables>
		</globalVariables>
		<callsNode>
		</callsNode>
	</Node>

</Nodes>


<Nodes>

	<Node id="21:54" type="1" name="timer_clear" startsAtLine = "21:25" endsAtLine = "21:28">
		<childrenNodes>21:55</childrenNodes>
		<funcArguments>
			<arg type="i32">n</arg>
		</funcArguments>
	</Node>

	<Node id="21:55" type="0" name="" startsAtLine = "21:25" endsAtLine = "21:28">
		<childrenNodes></childrenNodes>
		<BasicBlockID>entry</BasicBlockID>
		<readDataSize>32</readDataSize>
		<writeDataSize>128</writeDataSize>
		<instructionLines count="3">21:25,21:27,21:28</instructionLines>
		<readPhaseLines count="0"></readPhaseLines>
		<writePhaseLines count="1">21:27</writePhaseLines>
		<successors>
		</successors>
		<localVariables>
			<local type="i32*">n.addr</local>
		</localVariables>
		<globalVariables>
			<global type="double*">elapsed</global>
		</globalVariables>
		<callsNode>
		</callsNode>
	</Node>

</Nodes>


<Nodes>

	<Node id="21:56" type="1" name="timer_start" startsAtLine = "21:34" endsAtLine = "21:37">
		<childrenNodes>21:57</childrenNodes>
		<funcArguments>
			<arg type="i32">n</arg>
		</funcArguments>
	</Node>

	<Node id="21:57" type="0" name="" startsAtLine = "21:34" endsAtLine = "21:37">
		<childrenNodes>21:58</childrenNodes>
		<BasicBlockID>entry</BasicBlockID>
		<readDataSize>32</readDataSize>
		<writeDataSize>128</writeDataSize>
		<instructionLines count="3">21:34,21:36,21:37</instructionLines>
		<readPhaseLines count="0"></readPhaseLines>
		<writePhaseLines count="1">21:36</writePhaseLines>
		<successors>
		</successors>
		<localVariables>
			<local type="i32*">n.addr</local>
		</localVariables>
		<globalVariables>
			<global type="double*">start</global>
		</globalVariables>
		<callsNode>
			<nodeCalled atLine="21:36">21:58</nodeCalled>
		</callsNode>
	</Node>

	<Node id="21:58" type="3" name="elapsed_time" startsAtLine = "262143:16383" endsAtLine = "262143:16383">
		<childrenNodes></childrenNodes>
		<funcArguments>
		</funcArguments>
	</Node>

</Nodes>


<Nodes>

	<Node id="21:59" type="1" name="elapsed_time" startsAtLine = "21:13" endsAtLine = "21:16">
		<childrenNodes>21:60</childrenNodes>
		<funcArguments>
		</funcArguments>
	</Node>

	<Node id="21:60" type="0" name="" startsAtLine = "21:13" endsAtLine = "21:16">
		<childrenNodes>21:61</childrenNodes>
		<BasicBlockID>entry</BasicBlockID>
		<readDataSize>64</readDataSize>
		<writeDataSize>0</writeDataSize>
		<instructionLines count="3">21:13,21:15,21:16</instructionLines>
		<readPhaseLines count="0"></readPhaseLines>
		<writePhaseLines count="0"></writePhaseLines>
		<successors>
		</successors>
		<localVariables>
			<local type="double*">t</local>
		</localVariables>
		<globalVariables>
		</globalVariables>
		<callsNode>
			<nodeCalled atLine="21:15">21:61</nodeCalled>
		</callsNode>
	</Node>

	<Node id="21:61" type="3" name="wtime_" startsAtLine = "262143:16383" endsAtLine = "262143:16383">
		<childrenNodes></childrenNodes>
		<funcArguments>
			<arg type="double*"></arg>
		</funcArguments>
	</Node>

</Nodes>


<Nodes>

	<Node id="21:62" type="1" name="timer_stop" startsAtLine = "21:43" endsAtLine = "21:51">
		<childrenNodes>21:63,21:64,21:65</childrenNodes>
		<funcArguments>
			<arg type="i32">n</arg>
		</funcArguments>
	</Node>

	<Node id="21:63" type="0" name="" startsAtLine = "21:43" endsAtLine = "21:47">
		<childrenNodes>21:66</childrenNodes>
		<BasicBlockID>entry</BasicBlockID>
		<readDataSize>96</readDataSize>
		<writeDataSize>128</writeDataSize>
		<instructionLines count="3">21:43,21:45,21:47</instructionLines>
		<readPhaseLines count="0"></readPhaseLines>
		<writePhaseLines count="0"></writePhaseLines>
		<successors>
			<CU>21:64</CU>
		</successors>
		<localVariables>
			<local type="double*">now</local>
		</localVariables>
		<globalVariables>
		</globalVariables>
		<callsNode>
			<nodeCalled atLine="21:47">21:66</nodeCalled>
		</callsNode>
	</Node>

	<Node id="21:66" type="3" name="elapsed_time" startsAtLine = "262143:16383" endsAtLine = "262143:16383">
		<childrenNodes></childrenNodes>
		<funcArguments>
		</funcArguments>
	</Node>

	<Node id="21:64" type="0" name="" startsAtLine = "21:48" endsAtLine = "21:48">
		<childrenNodes></childrenNodes>
		<BasicBlockID>entry</BasicBlockID>
		<readDataSize>128</readDataSize>
		<writeDataSize>64</writeDataSize>
		<instructionLines count="1">21:48</instructionLines>
		<readPhaseLines count="1">21:48</readPhaseLines>
		<writePhaseLines count="1">21:48</writePhaseLines>
		<successors>
			<CU>21:65</CU>
		</successors>
		<localVariables>
			<local type="double*">now</local>
		</localVariables>
		<globalVariables>
			<global type="i32*">n.addr</global>
			<global type="double*">start</global>
			<global type="double*">t</global>
		</globalVariables>
		<callsNode>
		</callsNode>
	</Node>

	<Node id="21:65" type="0" name="" startsAtLine = "21:49" endsAtLine = "21:51">
		<childrenNodes></childrenNodes>
		<BasicBlockID>entry</BasicBlockID>
		<readDataSize>96</readDataSize>
		<writeDataSize>64</writeDataSize>
		<instructionLines count="2">21:49,21:51</instructionLines>
		<readPhaseLines count="1">21:49</readPhaseLines>
		<writePhaseLines count="1">21:49</writePhaseLines>
		<successors>
		</successors>
		<localVariables>
		</localVariables>
		<globalVariables>
			<global type="double*">elapsed</global>
			<global type="i32*">n.addr</global>
			<global type="double*">t</global>
		</globalVariables>
		<callsNode>
		</callsNode>
	</Node>

</Nodes>


<Nodes>

	<Node id="21:67" type="1" name="timer_read" startsAtLine = "21:57" endsAtLine = "21:59">
		<childrenNodes>21:68,21:69</childrenNodes>
		<funcArguments>
			<arg type="i32">n</arg>
		</funcArguments>
	</Node>

	<Node id="21:68" type="0" name="" startsAtLine = "21:57" endsAtLine = "21:57">
		<childrenNodes></childrenNodes>
		<BasicBlockID>entry</BasicBlockID>
		<readDataSize>32</readDataSize>
		<writeDataSize>64</writeDataSize>
		<instructionLines count="1">21:57</instructionLines>
		<readPhaseLines count="0"></readPhaseLines>
		<writePhaseLines count="0"></writePhaseLines>
		<successors>
			<CU>21:69</CU>
		</successors>
		<localVariables>
		</localVariables>
		<globalVariables>
		</globalVariables>
		<callsNode>
		</callsNode>
	</Node>

	<Node id="21:69" type="0" name="" startsAtLine = "21:59" endsAtLine = "21:59">
		<childrenNodes></childrenNodes>
		<BasicBlockID>entry</BasicBlockID>
		<readDataSize>64</readDataSize>
		<writeDataSize>0</writeDataSize>
		<instructionLines count="1">21:59</instructionLines>
		<readPhaseLines count="1">21:59</readPhaseLines>
		<writePhaseLines count="0"></writePhaseLines>
		<successors>
		</successors>
		<localVariables>
		</localVariables>
		<globalVariables>
			<global type="double*">elapsed</global>
			<global type="i32*">n.addr</global>
		</globalVariables>
		<callsNode>
		</callsNode>
	</Node>

</Nodes>


<Nodes>

	<Node id="28:70" type="1" name="wtime_" startsAtLine = "28:7" endsAtLine = "28:14">
		<childrenNodes>28:71,28:73,28:74</childrenNodes>
		<funcArguments>
			<arg type="double*">t</arg>
		</funcArguments>
	</Node>

	<Node id="28:71" type="0" name="" startsAtLine = "28:7" endsAtLine = "28:12">
		<childrenNodes>28:72</childrenNodes>
		<BasicBlockID>entry</BasicBlockID>
		<readDataSize>32</readDataSize>
		<writeDataSize>64</writeDataSize>
		<instructionLines count="4">28:7,28:10,28:11,28:12</instructionLines>
		<readPhaseLines count="1">28:12</readPhaseLines>
		<writePhaseLines count="0"></writePhaseLines>
		<successors>
			<CU>28:73</CU>
			<CU>28:74</CU>
		</successors>
		<localVariables>
		</localVariables>
		<globalVariables>
			<global type="i32*">wtime_.sec</global>
		</globalVariables>
		<callsNode>
			<nodeCalled atLine="28:11">28:72</nodeCalled>
		</callsNode>
	</Node>

	<Node id="28:72" type="3" name="gettimeofday" startsAtLine = "262143:16383" endsAtLine = "262143:16383">
		<childrenNodes></childrenNodes>
		<funcArguments>
			<arg type="%struct.timeval*"></arg>
			<arg type="%struct.timezone*"></arg>
		</funcArguments>
	</Node>

	<Node id="28:73" type="0" name="" startsAtLine = "28:12" endsAtLine = "28:12">
		<childrenNodes></childrenNodes>
		<BasicBlockID>if.then</BasicBlockID>
		<readDataSize>64</readDataSize>
		<writeDataSize>64</writeDataSize>
		<instructionLines count="1">28:12</instructionLines>
		<readPhaseLines count="1">28:12</readPhaseLines>
		<writePhaseLines count="1">28:12</writePhaseLines>
		<successors>
			<CU>28:74</CU>
		</successors>
		<localVariables>
		</localVariables>
		<globalVariables>
			<global type="i64*">tv</global>
			<global type="i32*">wtime_.sec</global>
		</globalVariables>
		<callsNode>
		</callsNode>
	</Node>

	<Node id="28:74" type="0" name="" startsAtLine = "28:13" endsAtLine = "28:14">
		<childrenNodes></childrenNodes>
		<BasicBlockID>if.end</BasicBlockID>
		<readDataSize>224</readDataSize>
		<writeDataSize>64</writeDataSize>
		<instructionLines count="2">28:13,28:14</instructionLines>
		<readPhaseLines count="1">28:13</readPhaseLines>
		<writePhaseLines count="1">28:13</writePhaseLines>
		<successors>
		</successors>
		<localVariables>
		</localVariables>
		<globalVariables>
			<global type="double**">t.addr</global>
			<global type="i64*">tv</global>
			<global type="i32*">wtime_.sec</global>
		</globalVariables>
		<callsNode>
		</callsNode>
	</Node>

</Nodes>


